Time  [ms],Memory Usage [KB],Time  [ms],Battery Power [uW] (Raw),Battery Power [uW] (Delta),Time  [ms],CPU Load [%]
61,2540296,62,0,0,60,25
162,2539660,163,0,0,161,8
263,2540844,264,0,0,261,11
364,2540796,365,0,0,362,12
466,2540848,468,0,0,464,16
567,2540360,568,0,0,564,17
670,2540812,671,0,0,666,3
766,2539324,767,0,0,764,17
866,2539936,866,0,0,864,17
966,2539544,968,0,0,965,16
1073,2538760,1076,0,0,1067,12
1170,2539252,1171,0,0,1167,7
1267,2540188,1268,0,0,1266,16
1372,2540220,1373,0,0,1369,13
1472,2539368,1473,0,0,1468,19
1576,2538960,1578,0,0,1572,7
1671,2539324,1672,0,0,1669,16
1772,2539588,1773,0,0,1769,18
1871,2539588,1872,0,0,1869,19
1973,2538596,1974,0,0,1971,6
2071,2538908,2072,0,0,2070,24
2172,2539212,2172,0,0,2170,14
2275,2539212,2276,0,0,2273,12
2375,2538992,2376,0,0,2373,15
2478,2539364,2480,0,0,2474,6
2574,2539956,2575,0,0,2572,16
2674,2539956,2675,0,0,2673,13
2778,2539956,2779,0,0,2775,16
2878,2539172,2879,0,0,2875,9
2977,2539580,2978,0,0,2975,12
3077,2540148,3078,0,0,3075,17
3179,2540148,3180,0,0,3177,17
3280,2539792,3281,0,0,3277,14
3380,2539928,3381,0,0,3378,13
3478,2556732,3478,0,0,3476,28
3579,2554936,3579,0,0,3577,26
3679,2536668,3679,0,0,3677,17
3782,2537160,3783,0,0,3780,12
3880,2538380,3881,0,0,3878,27
3982,2537996,3982,0,0,3980,25
4080,2537816,4080,0,0,4079,25
4187,2538364,4189,0,0,4183,13
4282,2540320,4282,0,0,4280,32
4382,2541364,4382,0,0,4380,25
4481,2546032,4482,0,0,4480,28
4582,2546308,4583,0,0,4581,8
4682,2542232,4683,0,0,4681,33
4783,2543988,4783,0,0,4782,40
4884,2544980,4884,0,0,4882,28
4983,2547268,4984,0,0,4982,23
5084,2548180,5084,0,0,5083,28
5184,2548440,5185,0,0,5183,28
5285,2543812,5285,0,0,5283,17
5387,2544312,5388,0,0,5385,24
5486,2545536,5487,0,0,5485,30
5586,2542552,5587,0,0,5585,37
5686,2520336,5687,0,0,5686,24
5789,2520368,5789,0,0,5787,17
5889,2521416,5889,0,0,5888,30
5989,2521460,5990,0,0,5988,20
6089,2520972,6089,0,0,6088,24
6190,2520884,6191,0,0,6189,0
6290,2521528,6290,0,0,6289,30
6390,2521548,6391,0,0,6390,26
6491,2521400,6491,0,0,6490,26
6591,2520660,6592,0,0,6590,14
6694,2521716,6695,0,0,6692,21
6792,2522032,6792,0,0,6791,26
6899,2522032,6899,0,0,6897,30
6997,2520988,6998,0,0,6993,28
7096,2520960,7097,0,0,7095,27
7194,2522268,7194,0,0,7193,41
7295,2522332,7296,0,0,7293,23
7396,2522484,7396,0,0,7394,32
7496,2521900,7496,0,0,7494,19
7600,2522156,7604,0,0,7597,20
7696,2523616,7696,0,0,7695,39
7796,2527420,7797,0,0,7795,36
7898,2545268,7899,0,0,7897,27
7999,2544696,8001,0,0,7997,17
8098,2544848,8099,0,0,8097,33
8198,2548664,8199,0,0,8197,40
8299,2549384,8299,0,0,8298,44
8399,2549780,8399,0,0,8398,39
8500,2550480,8501,0,0,8499,36
8600,2556464,8601,0,0,8599,30
8701,2558908,8701,0,0,8700,29
8802,2558944,8802,0,0,8800,29
8902,2558592,8902,0,0,8900,30
9005,2557704,9006,0,0,9003,6
9104,2557636,9104,0,0,9102,12
9203,2558404,9203,0,0,9202,17
9308,2558772,9309,0,0,9304,19
9403,2559660,9404,0,0,9402,32
9508,2559416,9509,0,0,9505,26
9610,2560440,9611,0,0,9606,23
9706,2561220,9706,0,0,9704,36
9805,2563816,9806,0,0,9804,28
9905,2562800,9905,0,0,9904,40
10005,2563792,10006,0,0,10004,38
10106,2560288,10106,0,0,10105,37
10206,2564284,10206,0,0,10205,44
10306,2566176,10307,0,0,10305,55
10408,2568376,10408,0,0,10407,35
10508,2544768,10508,0,0,10507,48
10609,2544672,10609,0,0,10608,14
10710,2545992,10710,0,0,10709,32
10810,2546956,10810,0,0,10809,27
10910,2550068,10910,0,0,10909,66
11010,2550144,11011,0,0,11010,26
11111,2549700,11112,0,0,11111,7
11212,2550476,11213,0,0,11211,0
11312,2553720,11313,0,0,11311,41
11412,2559840,11413,0,0,11412,56
11513,2561888,11513,0,0,11512,68
11614,2562392,11615,0,0,11613,51
11714,2564736,11715,0,0,11713,32
11814,2566272,11815,0,0,11813,45
11915,2565004,11916,0,0,11914,53
12015,2565892,12015,0,0,12014,67
12116,2566288,12117,0,0,12115,49
12215,2568480,12216,0,0,12214,73
12315,2569712,12316,0,0,12315,70
12416,2563004,12416,0,0,12415,73
12516,2560672,12517,0,0,12516,82
12617,2559488,12617,0,0,12616,58
12720,2559872,12722,0,0,12718,57
12819,2560252,12820,0,0,12817,65
12919,2563996,12921,0,0,12917,53
13018,2567036,13019,0,0,13018,45
13119,2593724,13120,0,0,13118,73
13219,2623356,13220,0,0,13218,76
13320,2662776,13320,0,0,13319,80
13420,2701216,13420,0,0,13419,45
13521,2716900,13521,0,0,13520,54
13621,2700880,13621,0,0,13620,59
13721,2710860,13722,2573058,2573058,13720,68
13822,2714264,13822,2573058,2573058,13821,73
13922,2704372,13923,2573058,2573058,13921,71
14023,2681256,14023,2573058,2573058,14022,68
14123,2702072,14124,2573058,2573058,14122,44
14224,2705000,14224,2573058,2573058,14223,56
14324,2704512,14324,2573058,2573058,14323,49
14425,2704760,14426,2573058,2573058,14424,25
14527,2705440,14528,2573058,2573058,14525,36
14627,2705656,14628,2573058,2573058,14625,35
14732,2705360,14734,2573058,2573058,14729,32
14833,2705572,14835,2573058,2573058,14829,11
14927,2706400,14928,2573058,2573058,14926,22
15028,2706604,15029,2573058,2573058,15027,33
15129,2709468,15130,2573058,2573058,15128,25
15228,2654560,15229,2573058,2573058,15227,30
15329,2654572,15329,2573058,2573058,15328,21
15431,2654104,15432,2573058,2573058,15430,32
15535,2653800,15536,2573058,2573058,15532,3
15632,2653680,15633,2573058,2573058,15631,22
15731,2654480,15732,2573058,2573058,15730,47
15832,2654916,15833,2573058,2573058,15831,18
15937,2655096,15938,2573058,2573058,15934,18
16035,2655096,16036,2573058,2573058,16034,28
16134,2655640,16135,2573058,2573058,16133,29
16236,2654852,16237,2573058,2573058,16234,21
16336,2656360,16337,2573058,2573058,16334,38
16435,2656716,16435,2573058,2573058,16434,40
16538,2657460,16539,2573058,2573058,16536,36
16638,2657460,16640,2573058,2573058,16636,37
16742,2659524,16743,2573058,2573058,16740,39
16837,2659184,16837,2573058,2573058,16836,48
16937,2655260,16937,2573058,2573058,16936,39
17037,2589956,17039,2573058,2573058,17036,57
17139,2592592,17139,2573058,2573058,17137,43
17240,2593336,17241,2573058,2573058,17238,44
17339,2593504,17340,2573058,2573058,17338,58
17440,2592488,17440,2573058,2573058,17439,53
17539,2593100,17540,2573058,2573058,17539,76
17645,2593984,17646,2573058,2573058,17643,26
17744,2596044,17744,2573058,2573058,17743,77
17848,2603268,17849,2573058,2573058,17844,48
17946,2607272,17947,2573058,2573058,17944,62
18045,2608188,18045,2573058,2573058,18044,48
18145,2610496,18146,2573058,2573058,18144,58
18247,2609632,18248,2573058,2573058,18245,46
18347,2610372,18347,2573058,2573058,18345,42
18447,2610548,18449,2573058,2573058,18445,35
18547,2611292,18549,2573058,2573058,18546,62
18647,2611144,18648,2573058,2573058,18646,31
18752,2610272,18753,2573058,2573058,18750,44
18851,2608348,18852,2573058,2573058,18848,27
18952,2608200,18953,2573058,2573058,18949,25
19054,2607460,19055,2573058,2573058,19050,17
19154,2607532,19156,2573058,2573058,19150,10
19251,2576112,19251,2573058,2573058,19249,26
19358,2576052,19359,2573058,2573058,19352,17
19455,2576052,19456,2573058,2573058,19451,24
19552,2576052,19553,2573058,2573058,19550,20
19655,2575756,19656,2573058,2573058,19652,19
19756,2575608,19758,2573058,2573058,19753,21
19856,2574868,19859,2573058,2573058,19853,20
19960,2574892,19961,2573058,2573058,19956,12
20055,2575848,20055,2573058,2573058,20053,25
20157,2576936,20157,2573058,2573058,20154,20
20260,2576024,20262,2573058,2573058,20256,21
20361,2575912,20363,2573058,2573058,20357,26
20461,2575912,20462,2573058,2573058,20457,22
20562,2575912,20564,2573058,2573058,20559,25
20663,2575268,20666,2573058,2573058,20658,21
20766,2575376,20768,2573058,2573058,20761,14
20860,2575884,20860,2573058,2573058,20857,25
20962,2575884,20962,2573058,2573058,20958,19
21064,2576096,21065,0,0,21060,33
21161,2576596,21161,0,0,21159,37
21266,2577004,21267,0,0,21262,36
21365,2577540,21366,0,0,21362,38
21462,2578216,21463,0,0,21461,30
21565,2578508,21566,0,0,21562,31
21662,2580324,21663,0,0,21661,40
21763,2577656,21763,0,0,21762,59
21862,2517564,21863,0,0,21861,68
21962,2512384,21963,0,0,21962,40
22063,2512384,22064,0,0,22062,28
22163,2439368,22163,0,0,22162,59
22264,2432288,22264,0,0,22263,15
22364,2432480,22365,0,0,22364,16
22465,2432480,22465,0,0,22464,19
22565,2432920,22565,0,0,22564,39
22665,2432772,22666,0,0,22665,21
22766,2432548,22766,0,0,22765,20
22866,2432252,22866,0,0,22865,23
22966,2431364,22966,0,0,22965,6
23067,2432712,23067,0,0,23066,35
23168,2433132,23169,0,0,23167,35
23268,2433380,23269,0,0,23267,38
23368,2434176,23369,0,0,23367,37
23471,2434176,23472,0,0,23470,41
23573,2434776,23575,0,0,23571,35
23671,2436388,23672,0,0,23670,34
23770,2436036,23770,0,0,23769,50
23870,2435536,23871,0,0,23870,59
23971,2432652,23971,0,0,23970,54
24072,2431376,24072,0,0,24071,45
24172,2431616,24172,0,0,24171,42
24272,2430852,24273,0,0,24272,19
24373,2433216,24373,0,0,24372,52
24474,2433980,24474,0,0,24473,41
24575,2434840,24575,0,0,24574,40
24675,2442544,24676,0,0,24673,61
24775,2451800,24775,0,0,24774,74
24877,2451476,24877,0,0,24876,73
24927,2451776,24927,0,0,24926,41
25027,2454524,25027,0,0,25026,61
25127,2455952,25128,0,0,25126,58
25228,2466460,25228,0,0,25227,61
25379,2507948,25379,0,0,25378,74
25480,2508384,25481,0,0,25478,57
25580,2520680,25581,0,0,25579,54
25680,2524772,25680,0,0,25679,52
25730,2524772,25730,0,0,25729,53
25881,2526328,25881,0,0,25880,48
25930,2526368,25931,0,0,25930,44
26032,2525576,26032,0,0,26031,51
26132,2526940,26133,0,0,26131,61
26231,2526328,26232,0,0,26231,37
26332,2527944,26333,0,0,26331,34
26432,2527952,26433,0,0,26432,39
26532,2527952,26533,0,0,26532,49
26636,2527656,26638,0,0,26634,32
26740,2528332,26741,0,0,26738,51
26839,2528792,26839,0,0,26838,54
26941,2527912,26941,0,0,26939,38
27040,2529652,27040,0,0,27039,55
27141,2529900,27142,0,0,27140,33
27240,2531656,27241,0,0,27240,46
27342,2531904,27342,0,0,27340,53
27444,2531904,27445,0,0,27442,42
27544,2531608,27545,0,0,27542,43
27643,2532388,27644,0,0,27642,41
27744,2530984,27744,0,0,27743,36
27844,2531196,27845,0,0,27843,23
27947,2531428,27948,0,0,27945,32
28045,2531912,28045,0,0,28044,42
28148,2532344,28150,0,0,28146,39
28248,2531944,28249,0,0,28247,43
28351,2532844,28352,0,0,28349,36
28449,2533436,28450,0,0,28447,40
28549,2535128,28550,0,0,28547,38
28649,2536140,28649,0,0,28648,44
28748,2535496,28749,0,0,28747,49
28849,2531376,28850,0,0,28848,53
28949,2533284,28949,0,0,28948,50
29050,2531952,29050,0,0,29049,27
29149,2533148,29150,0,0,29149,27
29250,2533500,29250,0,0,29249,44
29350,2534156,29351,0,0,29349,33
29451,2534896,29452,0,0,29450,58
29552,2536008,29553,0,0,29551,68
29653,2533928,29653,0,0,29652,46
29753,2531072,29753,0,0,29752,46
29853,2532376,29856,0,0,29852,52
29954,2531196,29955,0,0,29953,73
30055,2533228,30055,0,0,30053,55
30158,2519844,30158,0,0,30155,47
30256,2518104,30256,0,0,30254,0
30356,2517860,30357,0,0,30355,91
30458,2517360,30461,0,0,30455,75
30558,2516916,30558,0,0,30556,72
30657,2516872,30658,0,0,30656,83
30758,2516228,30759,0,0,30756,71
30859,2503944,30859,0,0,30857,70
30960,2504612,30961,0,0,30958,89
31061,2508524,31062,0,0,31059,82
31164,2508752,31165,0,0,31162,78
31268,2509568,31269,0,0,31264,86
31372,2509636,31373,0,0,31364,72
31468,2510536,31469,0,0,31465,84
31568,2509648,31568,0,0,31566,66
31672,2509476,31673,0,0,31667,75
31769,2509180,31770,0,0,31766,55
31870,2507848,31870,0,0,31867,27
31970,2508400,31971,0,0,31968,35
32070,2508316,32071,0,0,32068,71
32170,2508316,32171,0,0,32168,72
32271,2508564,32272,0,0,32269,60
32372,2508552,32373,0,0,32369,66
32472,2508404,32473,0,0,32470,54
32573,2508256,32574,0,0,32571,61
32673,2508440,32674,0,0,32671,65
32773,2503852,32774,0,0,32771,65
32874,2502936,32875,0,0,32872,50
32975,2504536,32976,0,0,32972,85
33074,2505168,33075,0,0,33072,82
33175,2505416,33177,0,0,33173,81
33276,2505592,33277,0,0,33274,79
33377,2506228,33378,0,0,33374,83
33477,2506328,33478,0,0,33475,75
33578,2507076,33579,0,0,33575,64
33678,2508220,33679,0,0,33676,68
33779,2506760,33780,0,0,33777,62
33877,2484788,33878,0,0,33876,40
33978,2479248,33979,0,0,33977,46
34078,2479520,34079,0,0,34077,47
34179,2462452,34180,0,0,34178,77
34280,2456748,34280,0,0,34279,88
34379,2454160,34380,0,0,34378,79
34480,2450688,34481,0,0,34479,47
34580,2449848,34581,0,0,34579,30
34681,2449848,34681,0,0,34680,29
34782,2448812,34783,0,0,34781,25
34883,2448888,34883,0,0,34881,19
34982,2449412,34983,0,0,34981,52
35083,2450156,35083,0,0,35082,56
35183,2452344,35184,0,0,35182,53
35285,2452080,35286,0,0,35284,55
35385,2452416,35386,0,0,35384,57
35486,2452360,35487,0,0,35485,55
35587,2453400,35588,0,0,35586,56
35687,2453804,35688,0,0,35686,31
35787,2454780,35790,0,0,35786,74
35888,2455092,35889,0,0,35887,66
35990,2448520,35991,0,0,35989,82
36093,2449728,36094,0,0,36091,82
36191,2450016,36192,0,0,36190,90
36292,2452652,36292,0,0,36291,0
36392,2453124,36392,0,0,36391,51
36493,2458220,36493,0,0,36492,51
36594,2501804,36595,0,0,36593,70
36693,2503816,36693,0,0,36692,72
36795,2535436,36795,0,0,36793,66
36894,2535888,36894,0,0,36893,40
36995,2535584,36997,0,0,36994,45
37094,2549812,37095,0,0,37094,61
37195,2549072,37196,0,0,37194,47
37296,2551304,37296,0,0,37295,0
37396,2551604,37397,0,0,37395,71
37496,2552852,37497,0,0,37496,78
37597,2552560,37599,0,0,37596,94
37698,2552808,37699,0,0,37697,97
37800,2553556,37801,0,0,37798,94
37900,2553300,37901,0,0,37899,88
38000,2553836,38001,0,0,37999,91
38100,2555072,38101,0,0,38099,94
38201,2554036,38202,0,0,38200,48
38301,2554900,38302,0,0,38300,56
38401,2555256,38402,0,0,38401,52
38502,2546376,38502,0,0,38501,65
38602,2546496,38603,0,0,38601,70
38703,2546400,38703,0,0,38702,52
38803,2546668,38804,0,0,38802,65
38904,2554604,38905,0,0,38903,56
39005,2554512,39005,0,0,39004,43
39106,2554360,39106,0,0,39105,5
39206,2554568,39206,0,0,39205,38
39307,2554612,39307,0,0,39305,34
39408,2554660,39408,0,0,39406,35
39507,2554824,39508,0,0,39506,35
39608,2553640,39609,0,0,39607,38
39708,2553640,39709,0,0,39707,34
39809,2553640,39809,0,0,39808,36
39909,2552900,39910,0,0,39908,31
40009,2553108,40010,0,0,40008,33
40110,2554212,40110,0,0,40109,62
40210,2554976,40211,0,0,40209,62
40311,2555364,40311,0,0,40310,62
40411,2556388,40412,0,0,40410,57
40511,2556444,40512,0,0,40510,55
40612,2556924,40613,0,0,40611,61
40713,2558656,40714,0,0,40712,60
40813,2557156,40814,0,0,40812,63
40915,2558560,40916,0,0,40913,69
41016,2555080,41017,0,0,41015,81
41118,2558000,41119,0,0,41116,82
41218,2557704,41219,0,0,41216,66
41317,2558068,41317,0,0,41316,0
41417,2558976,41418,0,0,41416,44
41517,2535444,41518,0,0,41516,30
41617,2535944,41618,0,0,41617,74
41719,2519040,41720,0,0,41717,39
41819,2510624,41819,0,0,41818,47
41920,2510872,41920,0,0,41918,52
42020,2511284,42020,0,0,42019,66
42120,2500908,42121,0,0,42119,51
42221,2502360,42222,0,0,42220,65
42322,2502224,42325,0,0,42321,58
42422,2502324,42423,0,0,42421,59
42525,2502948,42531,0,0,42522,45
42623,2500180,42623,0,0,42621,85
42724,2496448,42725,0,0,42722,63
42824,2496512,42825,0,0,42822,62
42924,2496388,42925,0,0,42923,62
43026,2499388,43026,0,0,43024,54
43127,2499240,43128,0,0,43125,33
43226,2498824,43227,0,0,43224,81
43327,2494776,43328,0,0,43324,0
43427,2495028,43427,0,0,43425,69
43527,2495100,43528,0,0,43526,78
43629,2495100,43629,0,0,43626,73
43732,2495736,43732,0,0,43728,74
43831,2495440,43831,0,0,43829,66
43932,2495292,43935,0,0,43929,78
44033,2495528,44034,0,0,44031,80
44133,2494964,44133,0,0,44131,70
44235,2494688,44235,0,0,44232,50
44334,2493900,44335,0,0,44332,59
44435,2496404,44436,0,0,44433,62
44536,2496632,44537,0,0,44534,55
44637,2496632,44638,0,0,44634,55
44737,2496040,44738,0,0,44735,63
44837,2496120,44838,591673,591673,44835,73
44938,2495972,44939,591673,591673,44936,40
45038,2496340,45040,591673,591673,45036,63
45139,2497156,45140,591673,591673,45137,92
45240,2497820,45241,591673,591673,45238,94
45340,2496724,45341,591673,591673,45338,72
45440,2497264,45441,591673,591673,45438,78
45541,2498260,45541,591673,591673,45539,66
45641,2498260,45642,591673,591673,45639,72
45741,2499608,45742,591673,591673,45739,62
45842,2501720,45843,591673,591673,45840,66
45942,2499680,45942,591673,591673,45940,77
46042,2488312,46043,591673,591673,46040,53
46143,2483288,46144,591673,591673,46141,46
46242,2481524,46243,591673,591673,46241,51
46344,2461836,46346,591673,591673,46342,52
46443,2462380,46443,591673,591673,46442,75
46543,2460308,46544,591673,591673,46542,52
46645,2460308,46645,591673,591673,46643,28
46745,2460324,46747,591673,591673,46744,30
46845,2459556,46846,591673,591673,46844,34
46946,2459260,46946,591673,591673,46945,30
47046,2459260,47047,591673,591673,47045,30
47147,2458868,47147,591673,591673,47145,43
47248,2459612,47249,591673,591673,47247,32
47348,2459836,47348,591673,591673,47347,57
47448,2460332,47449,591673,591673,47447,56
47549,2461076,47549,591673,591673,47548,55
47650,2459060,47651,591673,591673,47649,61
47750,2459320,47750,591673,591673,47749,60
47851,2460868,47851,591673,591673,47849,60
47951,2460588,47951,591673,591673,47950,79
48052,2461400,48052,591673,591673,48051,66
48154,2453476,48154,591673,591673,48153,67
48254,2455592,48255,591673,591673,48253,75
48354,2454704,48355,591673,591673,48353,86
48455,2456148,48455,591673,591673,48454,94
48555,2462812,48555,591673,591673,48554,89
48664,2465340,48668,591673,591673,48659,97
48759,2466200,48760,591673,591673,48758,86
48859,2466404,48860,591673,591673,48858,62
48961,2470544,48962,591673,591673,48960,69
49062,2469656,49062,591673,591673,49060,42
49162,2469712,49163,591673,591673,49161,48
49262,2470188,49263,591673,591673,49261,87
49363,2470528,49364,591673,591673,49362,58
49464,2471616,49465,591673,591673,49463,60
49564,2473052,49565,591673,591673,49563,62
49665,2474136,49665,591673,591673,49663,70
49765,2473544,49766,591673,591673,49764,72
49865,2472956,49866,591673,591673,49864,82
49966,2471860,49966,591673,591673,49964,45
50066,2473044,50067,591673,591673,50065,71
50170,2473448,50171,591673,591673,50166,83
50218,2473304,50219,591673,591673,50216,75
50318,2473772,50318,591673,591673,50316,82
50418,2473220,50418,591673,591673,50417,81
50521,2473172,50522,591673,591673,50519,64
50619,2473852,50620,591673,591673,50618,70
50721,2489776,50721,591673,591673,50720,78
50822,2537868,50822,591673,591673,50820,67
50921,2557244,50922,591673,591673,50920,71
51022,2560296,51022,591673,591673,51021,63
51122,2561936,51123,591673,591673,51121,57
51223,2562376,51223,591673,591673,51222,90
51323,2580988,51324,591673,591673,51322,81
51424,2593492,51425,591673,591673,51423,81
51524,2618212,51524,591673,591673,51523,92
51625,2627944,51625,591673,591673,51623,85
51725,2628980,51726,591673,591673,51724,45
51825,2626208,51826,591673,591673,51824,80
51926,2626432,51928,591673,591673,51925,60
52027,2626432,52029,591673,591673,52026,66
52128,2627256,52129,591673,591673,52127,75
52232,2628404,52233,348820,348820,52228,100
52329,2627948,52330,348820,348820,52328,95
52429,2628296,52430,348820,348820,52429,86
52530,2628100,52531,348820,348820,52529,42
52631,2628860,52631,348820,348820,52630,48
52731,2629312,52732,348820,348820,52730,60
52832,2630200,52832,348820,348820,52831,81
52932,2631320,52933,348820,348820,52931,57
53033,2632780,53033,348820,348820,53032,55
53133,2620000,53133,348820,348820,53132,87
53233,2620124,53234,348820,348820,53232,74
53338,2615720,53338,348820,348820,53336,85
53438,2616516,53439,348820,348820,53437,68
53540,2616220,53541,348820,348820,53537,39
53638,2617132,53639,348820,348820,53637,91
53739,2617396,53740,348820,348820,53738,66
53839,2618072,53840,348820,348820,53838,63
53942,2619220,53943,348820,348820,53939,95
54040,2621892,54041,348820,348820,54039,73
54148,2624512,54148,348820,348820,54145,67
54244,2624952,54244,348820,348820,54242,79
54348,2625160,54348,348820,348820,54346,86
54460,2628076,54461,348820,348820,54459,91
54561,2628540,54561,348820,348820,54559,97
54661,2628252,54662,348820,348820,54660,100
54762,2614632,54762,348820,348820,54760,100
54863,2614896,54864,348820,348820,54861,76
54963,2612536,54964,348820,348820,54962,79
55064,2613732,55064,348820,348820,55062,78
55164,2614816,55164,348820,348820,55162,87
55264,2615420,55265,348820,348820,55263,78
55366,2615016,55366,348820,348820,55364,87
55465,2613980,55466,348820,348820,55464,73
55566,2612748,55567,348820,348820,55564,84
55666,2611620,55667,348820,348820,55664,77
55767,2612248,55768,348820,348820,55765,62
55868,2611788,55869,348820,348820,55866,73
55969,2611788,55973,348820,348820,55966,34
56069,2611664,56070,348820,348820,56067,52
56170,2611852,56171,348820,348820,56167,43
56270,2611420,56271,348820,348820,56267,37
56370,2611396,56371,348820,348820,56368,28
56472,2611396,56473,348820,348820,56469,33
56573,2610656,56573,348820,348820,56569,17
56677,2610632,56679,348820,348820,56671,15
56773,2610592,56773,348820,348820,56770,48
56873,2576256,56874,348820,348820,56871,38
56975,2576256,56976,348820,348820,56972,31
57075,2576452,57076,348820,348820,57072,27
57174,2576452,57175,348820,348820,57172,33
57275,2576304,57276,348820,348820,57273,27
57376,2577488,57376,348820,348820,57373,53
57476,2578300,57477,348820,348820,57474,63
57576,2575964,57577,348820,348820,57574,65
57679,2576460,57679,348820,348820,57675,39
57777,2577204,57778,348820,348820,57775,54
57880,2579584,57882,348820,348820,57876,84
57978,2582096,57979,348820,348820,57976,88
58080,2584096,58080,348820,348820,58077,62
58179,2580600,58180,348820,348820,58177,71
58280,2571976,58281,348820,348820,58278,60
58387,2566868,58388,348820,348820,58384,52
58482,2567364,58483,348820,348820,58479,47
58581,2480624,58581,348820,348820,58580,77
58681,2480312,58682,348820,348820,58681,41
58781,2478900,58782,348820,348820,58781,82
58882,2478900,58882,348820,348820,58881,47
58983,2479148,58984,348820,348820,58982,28
59085,2479240,59086,348820,348820,59083,33
59184,2478648,59184,348820,348820,59183,35
59284,2478664,59285,348820,348820,59283,0
59384,2479688,59384,348820,348820,59383,25
59485,2479756,59485,348820,348820,59484,24
59585,2480636,59586,348820,348820,59584,26
59685,2480864,59686,348820,348820,59684,36
59788,2478796,59789,348820,348820,59786,39
59890,2478796,59891,348820,348820,59888,35
59991,2480316,59992,348820,348820,59988,42
60087,2481364,60088,348820,348820,60086,48
60187,2479396,60187,348820,348820,60186,36
60290,2478624,60290,348820,348820,60289,15
60389,2474796,60389,348820,348820,60388,37
60490,2475052,60490,348820,348820,60489,46
60591,2475512,60591,348820,348820,60589,37
60690,2470868,60690,348820,348820,60689,40
60790,2470720,60791,348820,348820,60790,21
60891,2469828,60891,348820,348820,60890,15
60995,2469904,60995,348820,348820,60992,6
61092,2469788,61092,348820,348820,61091,26
61194,2469768,61195,348820,348820,61192,21
61295,2469784,61296,348820,348820,61293,17
61393,2470716,61393,348820,348820,61392,37
61493,2471384,61493,348820,348820,61492,35
61593,2471168,61594,348820,348820,61592,33
61697,2471836,61698,348820,348820,61694,19
61794,2472616,61795,348820,348820,61793,36
61895,2473728,61896,348820,348820,61894,35
61995,2474860,61996,348820,348820,61994,39
62095,2475108,62095,348820,348820,62094,41
62196,2474416,62198,348820,348820,62195,34
62295,2469816,62296,348820,348820,62295,41
62399,2471280,62400,348820,348820,62395,45
62497,2472144,62498,348820,348820,62496,56
62599,2469812,62599,348820,348820,62596,46
62699,2469912,62699,348820,348820,62698,43
62798,2471120,62798,348820,348820,62797,37
62898,2471992,62898,348820,348820,62897,42
63002,2470740,63002,348820,348820,63000,44
63101,2467320,63102,348820,348820,63100,37
63201,2467216,63201,348820,348820,63200,33
63301,2467120,63302,348820,348820,63300,33
63402,2467620,63402,348820,348820,63401,40
63503,2466932,63503,348820,348820,63502,42
63552,2466620,63553,348820,348820,63552,58
63706,2467000,63707,348820,348820,63704,18
63755,2467520,63755,348820,348820,63754,51
63904,2468208,63904,348820,348820,63903,55
64005,2488908,64005,348820,348820,64004,40
64055,2489284,64055,348820,348820,64054,33
64155,2489496,64155,348820,348820,64154,25
64255,2489492,64256,348820,348820,64254,33
64356,2487708,64357,348820,348820,64355,0
64456,2490040,64457,348820,348820,64455,76
64557,2491472,64557,348820,348820,64556,73
64657,2497132,64658,348820,348820,64656,68
64759,2500456,64760,348820,348820,64757,60
64859,2500656,64859,348820,348820,64857,59
64959,2500360,64960,348820,348820,64958,57
65059,2500360,65060,348820,348820,65058,50
65160,2499916,65160,348820,348820,65158,43
65263,2499540,65264,348820,348820,65260,7
65361,2499280,65362,348820,348820,65359,24
65462,2499760,65463,348820,348820,65460,27
65563,2499760,65563,348820,348820,65561,26
65664,2500252,65665,348820,348820,65662,32
65762,2499808,65763,348820,348820,65761,33
65863,2499808,65863,348820,348820,65861,28
65963,2499660,65964,348820,348820,65962,32
66063,2499736,66064,348820,348820,66062,28
66164,2499440,66164,348820,348820,66162,21
66268,2499408,66270,348820,348820,66265,5
66365,2499680,66366,348820,348820,66364,42
66466,2499928,66467,348820,348820,66464,27
66566,2499928,66567,348820,348820,66565,30
66667,2500308,66668,348820,348820,66665,30
66766,2500408,66767,348820,348820,66765,28
66867,2500476,66868,348820,348820,66866,33
66967,2488932,66967,348820,348820,66966,62
67068,2488824,67068,348820,348820,67066,26
67169,2488124,67170,348820,348820,67167,35
67270,2488708,67271,348820,348820,67268,42
67369,2489276,67370,348820,348820,67368,60
67470,2489524,67470,348820,348820,67468,54
67570,2490720,67571,348820,348820,67569,68
67670,2490256,67671,348820,348820,67669,70
67771,2490756,67772,348820,348820,67770,55
67872,2492188,67872,348820,348820,67870,54
67973,2492112,67974,348820,348820,67971,65
68072,2492216,68073,348820,348820,68071,84
68173,2487196,68174,348820,348820,68172,71
68274,2484436,68274,348820,348820,68273,70
68375,2462100,68375,348820,348820,68374,0
68475,2464824,68476,348820,348820,68474,81
68576,2469480,68576,348820,348820,68575,77
68676,2460612,68677,348820,348820,68675,64
68777,2463512,68777,348820,348820,68776,46
68877,2464504,68877,348820,348820,68876,35
68980,2465388,68981,348820,348820,68979,36
69078,2466252,69079,348820,348820,69077,55
69179,2467096,69180,348820,348820,69178,38
69280,2467308,69281,348820,348820,69279,43
69381,2467704,69381,348820,348820,69379,41
69481,2468828,69481,348820,348820,69479,48
69581,2468236,69582,348820,348820,69580,45
69682,2468028,69683,348820,348820,69681,49
69782,2468256,69782,348820,348820,69781,61
69883,2470468,69883,348820,348820,69882,49
69983,2472128,69984,348820,348820,69982,51
70084,2474692,70085,348820,348820,70083,80
70184,2475464,70184,348820,348820,70183,62
70284,2476060,70284,348820,348820,70283,63
70385,2472396,70386,348820,348820,70384,0
70485,2472820,70486,348820,348820,70484,72
70587,2473648,70589,348820,348820,70585,62
70686,2474140,70687,348820,348820,70685,70
70787,2474600,70787,348820,348820,70786,66
70887,2474452,70888,348820,348820,70886,61
70994,2508516,70995,348820,348820,70986,91
71093,2595092,71098,348820,348820,71087,97
71188,2616276,71190,348820,348820,71187,85
71289,2616444,71290,348820,348820,71288,47
71390,2617168,71391,348820,348820,71389,43
71491,2617168,71492,348820,348820,71490,30
71591,2617168,71592,348820,348820,71590,29
71692,2617400,71693,348820,348820,71690,29
71792,2617648,71792,348820,348820,71791,27
71892,2617648,71893,348820,348820,71891,30
71993,2617648,71993,348820,348820,71992,28
72093,2617896,72094,348820,348820,72092,32
72193,2618032,72194,348820,348820,72192,33
72295,2618716,72296,348820,348820,72293,39
72394,2619696,72395,348820,348820,72393,58
72495,2619944,72496,348820,348820,72494,57
72596,2620936,72605,348820,348820,72595,55
72696,2619496,72698,348820,348820,72695,66
72797,2619496,72797,348820,348820,72796,57
72900,2621588,72901,348820,348820,72899,65
72998,2609864,72998,348820,348820,72996,87
73098,2609224,73099,348820,348820,73097,80
73199,2569556,73200,348820,348820,73198,80
73302,2564656,73303,348820,348820,73300,55
73399,2531516,73400,348820,348820,73398,76
73501,2469940,73502,348820,348820,73499,67
73600,2466012,73601,348820,348820,73599,79
73700,2464712,73701,348820,348820,73700,54
73801,2464712,73802,348820,348820,73800,34
73902,2464416,73902,348820,348820,73901,27
74002,2464608,74003,348820,348820,74001,26
74103,2463868,74103,348820,348820,74102,23
74204,2463868,74205,348820,348820,74202,13
74303,2464392,74304,348820,348820,74302,60
74404,2464980,74405,348820,348820,74403,53
74504,2465708,74505,348820,348820,74503,54
74605,2465956,74606,348820,348820,74604,53
74706,2466664,74706,348820,348820,74705,52
74806,2466664,74807,348820,348820,74805,55
74907,2468136,74909,348820,348820,74906,61
75007,2469120,75008,348820,348820,75006,56
75108,2469340,75109,348820,348820,75107,53
75208,2468844,75208,348820,348820,75207,56
75308,2465308,75308,348820,348820,75307,0
75408,2465572,75409,348820,348820,75408,34
75508,2464684,75509,348820,348820,75508,22
75609,2464536,75609,348820,348820,75608,25
75709,2463644,75710,348820,348820,75708,17
75810,2463800,75810,348820,348820,75809,0
75910,2464628,75911,348820,348820,75909,21
76011,2464648,76011,0,0,76010,18
76112,2464856,76113,0,0,76111,20
76211,2464764,76212,0,0,76211,18
76312,2464948,76312,0,0,76311,35
76412,2465184,76413,0,0,76412,36
76515,2465244,76515,0,0,76513,24
76613,2466976,76614,0,0,76612,35
76717,2467148,76719,0,0,76715,36
76816,2468292,76817,0,0,76815,39
76915,2470120,76916,0,0,76914,63
77016,2470112,77017,0,0,77015,66
77116,2469076,77117,0,0,77115,47
77217,2463856,77218,0,0,77216,53
77319,2465492,77320,0,0,77317,55
77418,2465988,77419,0,0,77417,53
77518,2466912,77519,0,0,77517,48
77619,2467480,77619,0,0,77618,44
77719,2465628,77719,0,0,77718,37
77819,2466588,77819,0,0,77818,29
77920,2465488,77920,0,0,77919,40
78020,2465752,78021,0,0,78019,32
78120,2461904,78121,0,0,78119,47
78222,2461392,78222,0,0,78220,30
78321,2461796,78321,0,0,78320,36
78421,2460464,78422,0,0,78420,39
78526,2460956,78526,0,0,78523,32
78623,2462024,78623,0,0,78622,32
78725,2462024,78727,0,0,78723,28
78823,2461728,78824,0,0,78822,30
78924,2461728,78924,0,0,78923,23
79024,2461972,79025,0,0,79023,21
79125,2461232,79125,0,0,79123,16
79227,2460924,79228,0,0,79224,1
79325,2459244,79326,0,0,79324,0
79427,2459492,79427,0,0,79425,30
79527,2459492,79528,0,0,79525,30
79628,2459724,79629,0,0,79626,32
79727,2459724,79728,0,0,79726,33
79828,2459984,79829,0,0,79827,30
79932,2459836,79933,0,0,79929,28
80029,2459988,80030,0,0,80028,31
80130,2459368,80131,0,0,80129,32
80230,2460616,80231,0,0,80229,53
80331,2461480,80332,0,0,80330,56
80431,2461804,80432,0,0,80430,55
80531,2462712,80532,0,0,80530,53
80632,2462564,80632,0,0,80631,56
80732,2463308,80733,0,0,80731,55
80833,2464944,80833,0,0,80831,52
80934,2464232,80935,0,0,80932,59
81035,2464628,81035,0,0,81033,37
81134,2461496,81136,0,0,81133,73
81236,2462520,81237,0,0,81234,78
81335,2463512,81335,0,0,81334,0
81436,2464288,81437,0,0,81435,45
81536,2464924,81536,0,0,81535,46
81636,2464784,81637,0,0,81635,39
81738,2465560,81738,0,0,81736,23
81836,2451484,81837,0,0,81835,49
81937,2450948,81937,0,0,81936,41
82037,2446600,82038,0,0,82037,38
82138,2446304,82138,0,0,82137,34
82238,2446432,82239,0,0,82237,32
82338,2446264,82338,0,0,82337,45
82438,2442596,82439,0,0,82438,45
82539,2444208,82539,0,0,82538,39
82640,2444208,82640,0,0,82639,32
82740,2444124,82740,0,0,82739,26
82840,2443856,82841,0,0,82840,38
82941,2443868,82942,0,0,82940,40
83042,2443188,83042,0,0,83041,51
83143,2446004,83144,0,0,83142,56
83243,2450744,83244,0,0,83242,48
83344,2454272,83345,2959330,2959330,83343,0
83445,2455924,83445,2959330,2959330,83443,84
83546,2461112,83546,2959330,2959330,83544,92
83645,2469380,83646,2959330,2959330,83644,90
83746,2481088,83747,2959330,2959330,83745,97
83848,2487340,83849,2959330,2959330,83847,92
83949,2460928,83949,2959330,2959330,83948,89
84049,2458264,84050,2959330,2959330,84048,75
84150,2459440,84156,2959330,2959330,84148,97
84251,2460068,84251,2959330,2959330,84249,78
84353,2460696,84356,2959330,2959330,84350,73
84451,2460944,84452,2959330,2959330,84450,62
84552,2461848,84553,2959330,2959330,84550,53
84652,2461864,84653,2959330,2959330,84651,55
84753,2462544,84753,2959330,2959330,84751,52
84853,2463788,84854,2959330,2959330,84852,63
84953,2462812,84954,2959330,2959330,84952,61
85054,2462644,85055,2959330,2959330,85053,68
85155,2465532,85155,2959330,2959330,85153,87
85255,2466028,85255,2959330,2959330,85254,40
85357,2465496,85358,2959330,2959330,85355,32
85456,2461216,85456,2959330,2959330,85454,51
85557,2461448,85559,2959330,2959330,85555,34
85659,2461328,85660,2959330,2959330,85658,44
85758,2461180,85759,2959330,2959330,85757,40
85859,2461116,85859,2959330,2959330,85857,45
85959,2460376,85960,2959330,2959330,85958,13
86060,2460352,86060,2959330,2959330,86058,20
86161,2460740,86162,2959330,2959330,86159,38
86262,2460740,86263,2959330,2959330,86260,30
86362,2461152,86363,2959330,2959330,86360,28
86461,2461884,86462,2959330,2959330,86460,60
86562,2462228,86563,2959330,2959330,86560,59
86662,2462748,86663,2959330,2959330,86661,55
86763,2463004,86763,2959330,2959330,86761,53
86863,2463304,86864,2959330,2959330,86862,44
86963,2463188,86964,2959330,2959330,86962,43
87064,2464396,87064,2959330,2959330,87062,54
87165,2465904,87166,2959330,2959330,87163,57
87265,2454460,87265,2959330,2959330,87263,84
87367,2454308,87368,2959330,2959330,87365,70
87466,2471120,87466,2959330,2959330,87465,78
87566,2470016,87567,2959330,2959330,87565,71
87666,2467760,87667,2959330,2959330,87666,64
87770,2467760,87772,2959330,2959330,87768,44
87868,2467176,87869,2959330,2959330,87867,58
87918,2467404,87919,2959330,2959330,87917,68
88019,2468680,88019,2959330,2959330,88018,75
88119,2490184,88119,2959330,2959330,88118,77
88220,2489740,88220,2959330,2959330,88219,57
88320,2489952,88322,2959330,2959330,88319,75
88423,2495164,88424,2959330,2959330,88421,68
88521,2495616,88521,2959330,2959330,88520,73
88621,2496688,88622,2959330,2959330,88620,69
88722,2497552,88723,2959330,2959330,88721,69
88823,2497108,88824,2959330,2959330,88822,48
88924,2499316,88925,2959330,2959330,88922,31
89024,2500220,89024,2959330,2959330,89022,50
89124,2499776,89124,2959330,2959330,89122,45
89224,2499776,89225,2959330,2959330,89223,26
89325,2499868,89326,2959330,2959330,89324,28
89425,2500060,89425,2959330,2959330,89424,30
89525,2499764,89526,2959330,2959330,89524,34
89627,2499840,89629,2959330,2959330,89625,27
89728,2499924,89729,2959330,2959330,89726,32
89829,2500000,89830,2959330,2959330,89826,30
89928,2499704,89929,2959330,2959330,89926,14
90029,2499260,90030,2959330,2959330,90027,20
90129,2499908,90129,2959330,2959330,90127,37
90229,2499908,90230,2959330,2959330,90228,31
90330,2499944,90331,2959330,2959330,90329,35
90431,2500424,90432,2959330,2959330,90429,30
90532,2500472,90533,2959330,2959330,90530,26
90631,2500204,90632,2959330,2959330,90630,29
90731,2500268,90732,2959330,2959330,90730,29
90832,2500156,90833,2959330,2959330,90831,27
90932,2500156,90933,2959330,2959330,90931,26
91032,2499700,91033,2959330,2959330,91031,5
91135,2499908,91135,2959330,2959330,91133,27
91234,2500088,91234,2959330,2959330,91232,30
91335,2500116,91336,2959330,2959330,91333,0
91435,2500776,91436,2959330,2959330,91433,21
91535,2501564,91535,2959330,2959330,91533,36
91636,2501860,91637,2959330,2959330,91635,34
91738,2502376,91740,2959330,2959330,91736,37
91839,2502632,91840,2959330,2959330,91836,41
91947,2502932,91949,2959330,2959330,91941,28
92038,2504308,92038,2959330,2959330,92036,41
92138,2506124,92138,2959330,2959330,92136,36
92238,2505500,92239,2959330,2959330,92237,56
92340,2527412,92344,2959330,2959330,92339,72
92440,2514464,92440,2959330,2959330,92438,80
92539,2496852,92540,2959330,2959330,92538,71
92640,2469304,92640,2959330,2959330,92639,39
92740,2468120,92741,2959330,2959330,92739,23
92841,2468364,92842,2959330,2959330,92840,41
92941,2472612,92941,2959330,2959330,92940,85
93042,2473352,93043,2959330,2959330,93041,30
93144,2475508,93145,2959330,2959330,93143,48
93245,2476612,93245,2959330,2959330,93244,35
93346,2477160,93347,2959330,2959330,93345,30
93445,2480516,93446,2959330,2959330,93445,57
93548,2479776,93549,2959330,2959330,93545,18
93648,2479888,93651,2959330,2959330,93646,39
93747,2480364,93748,2959330,2959330,93746,67
93847,2481340,93848,2959330,2959330,93846,60
93949,2482052,93950,2959330,2959330,93947,32
94048,2483160,94049,2959330,2959330,94047,47
94148,2484408,94149,2959330,2959330,94147,59
94251,2487388,94252,2959330,2959330,94250,57
94349,2513572,94350,2959330,2959330,94348,96
94450,2525168,94451,2959330,2959330,94448,54
94552,2527184,94552,2959330,2959330,94550,56
94651,2529792,94651,2959330,2959330,94650,74
94753,2530740,94753,2959330,2959330,94752,59
94852,2531128,94852,2959330,2959330,94851,52
94952,2530784,94953,2959330,2959330,94951,50
95052,2556852,95053,2959330,2959330,95051,61
95154,2557188,95154,2959330,2959330,95152,40
95254,2557612,95255,2959330,2959330,95252,41
95356,2559616,95356,2959330,2959330,95354,0
95455,2561484,95455,2959330,2959330,95453,74
95555,2561384,95556,2959330,2959330,95554,60
95655,2585168,95660,2959330,2959330,95654,76
95755,2587508,95756,2959330,2959330,95754,66
95857,2591864,95857,2959330,2959330,95855,62
95957,2593460,95958,2959330,2959330,95956,64
96058,2593116,96058,2959330,2959330,96056,69
96159,2593724,96160,2959330,2959330,96157,51
96259,2595004,96260,2959330,2959330,96257,84
96360,2594460,96360,2959330,2959330,96358,60
96461,2591844,96462,2959330,2959330,96460,82
96561,2593016,96561,2959330,2959330,96559,95
96662,2594004,96663,2959330,2959330,96660,94
96763,2597724,96763,2959330,2959330,96761,94
96863,2596520,96864,2959330,2959330,96861,89
96964,2597012,96965,2959330,2959330,96962,66
97064,2597472,97065,2959330,2959330,97063,77
97164,2597972,97165,2959330,2959330,97163,59
97267,2599616,97273,2959330,2959330,97265,54
97365,2561244,97366,2959330,2959330,97364,95
97466,2532584,97466,2959330,2959330,97465,57
97566,2532584,97567,2959330,2959330,97565,48
97667,2532584,97668,2959330,2959330,97665,45
97767,2532436,97767,2959330,2959330,97765,50
97867,2532436,97868,2959330,2959330,97866,44
97970,2532520,97971,2959330,2959330,97966,41
98068,2532520,98069,2959330,2959330,98066,43
98169,2533096,98169,2959330,2959330,98167,67
98269,2524488,98269,2959330,2959330,98267,42
98371,2523952,98372,2959330,2959330,98369,17
98469,2524312,98470,2959330,2959330,98468,34
98571,2524312,98571,2959330,2959330,98569,30
98671,2524312,98672,2959330,2959330,98670,30
98772,2524500,98773,2959330,2959330,98770,32
98871,2524500,98872,2959330,2959330,98870,30
98972,2524560,98972,2959330,2959330,98971,28
99073,2524560,99074,2959330,2959330,99072,28
99174,2524644,99175,2959330,2959330,99172,27
99287,2516584,99288,2959330,2959330,99286,41
99373,2514824,99374,2959330,2959330,99372,86
99474,2515248,99475,2959330,2959330,99473,35
99576,2515248,99577,2959330,2959330,99574,32
99676,2515248,99676,2959330,2959330,99674,27
99776,2515648,99777,2959330,2959330,99775,28
99876,2515736,99876,2959330,2959330,99875,32
99977,2515856,99977,2959330,2959330,99975,27
100077,2515856,100078,2959330,2959330,100076,31
100179,2515956,100180,2959330,2959330,100177,30
100283,2515916,100287,2959330,2959330,100277,60
100391,2515292,100391,2959330,2959330,100390,75
100491,2515992,100491,2959330,2959330,100490,82
100592,2514156,100592,2959330,2959330,100591,40
100692,2515188,100692,2959330,2959330,100691,79
100792,2515364,100793,2959330,2959330,100791,51
100893,2515204,100893,2959330,2959330,100892,55
100993,2517564,100994,2959330,2959330,100992,71
101094,2516988,101095,2959330,2959330,101093,62
101194,2516936,101194,2959330,2959330,101193,51
101295,2517172,101295,2959330,2959330,101294,41
101395,2516368,101396,2959330,2959330,101394,0
101495,2516864,101496,2959330,2959330,101494,23
101596,2517908,101596,2959330,2959330,101595,37
101695,2519136,101696,2959330,2959330,101695,49
101796,2519788,101797,2959330,2959330,101795,38
101899,2520384,101900,2959330,2959330,101898,42
102000,2520480,102002,2959330,2959330,101998,44
102100,2522236,102101,2959330,2959330,102098,49
102198,2521500,102199,2959330,2959330,102197,36
102298,2519080,102299,2959330,2959330,102298,37
102400,2514584,102401,2959330,2959330,102399,35
102501,2514584,102501,2959330,2959330,102499,33
102601,2507780,102602,2959330,2959330,102600,57
102700,2499704,102701,2959330,2959330,102700,78
102801,2498596,102801,2959330,2959330,102800,18
102902,2498448,102902,2959330,2959330,102901,22
103003,2497400,103004,2959330,2959330,103002,12
103103,2497104,103103,2959330,2959330,103102,6
103203,2496972,103203,2959330,2959330,103202,39
103304,2494700,103305,2959330,2959330,103303,28
103403,2494776,103404,2959330,2959330,103402,25
103504,2495276,103504,2959330,2959330,103503,36
103604,2496176,103605,2959330,2959330,103603,35
103704,2496424,103705,2959330,2959330,103703,35
103807,2496420,103809,2959330,2959330,103806,30
103909,2496420,103911,2959330,2959330,103907,29
104006,2498268,104006,2959330,2959330,104005,42
104106,2498176,104107,2959330,2959330,104105,45
104206,2500692,104207,2959330,2959330,104205,47
104307,2494648,104307,2959330,2959330,104306,50
104407,2494644,104407,2959330,2959330,104406,51
104457,2495020,104462,2959330,2959330,104456,72
104558,2497576,104558,2959330,2959330,104557,87
104658,2501880,104659,2959330,2959330,104657,75
104759,2502308,104760,2959330,2959330,104758,45
104859,2505128,104860,2959330,2959330,104858,62
104960,2504980,104960,2959330,2959330,104959,59
105061,2505824,105061,2959330,2959330,105059,49
105161,2506328,105162,2959330,2959330,105160,26
105262,2506420,105263,2959330,2959330,105261,20
105362,2506272,105363,2959330,2959330,105361,0
105463,2506744,105464,2959330,2959330,105461,64
105568,2515656,105573,2959330,2959330,105566,75
105668,2535452,105669,2959330,2959330,105666,95
105767,2545848,105768,2959330,2959330,105766,72
105868,2545256,105869,2959330,2959330,105867,72
105969,2547360,105970,2959330,2959330,105968,83
106069,2548256,106070,2959330,2959330,106068,75
106170,2548752,106170,2959330,2959330,106169,80
106271,2550896,106271,2959330,2959330,106269,78
106370,2551732,106371,2959330,2959330,106369,88
106472,2551732,106472,2959330,2959330,106470,64
106571,2575532,106571,2959330,2959330,106570,76
106672,2576176,106672,2959330,2959330,106670,43
106771,2578760,106772,2959330,2959330,106771,69
106872,2580212,106873,2959330,2959330,106871,61
106973,2580608,106974,2959330,2959330,106972,71
107073,2580708,107074,635064,635064,107072,78
107174,2581672,107174,635064,635064,107173,75
107274,2607976,107274,635064,635064,107273,92
107374,2607544,107375,635064,635064,107373,89
107475,2607988,107476,635064,635064,107474,69
107575,2606508,107575,635064,635064,107574,45
107676,2603548,107676,635064,635064,107675,27
107778,2603548,107779,635064,635064,107777,30
107878,2603548,107879,635064,635064,107876,36
107979,2603956,107979,635064,635064,107977,28
108080,2603956,108081,635064,635064,108078,33
108179,2604420,108179,635064,635064,108178,48
108280,2604684,108280,635064,635064,108278,37
108380,2605184,108381,635064,635064,108379,51
108480,2605928,108481,635064,635064,108479,55
108581,2596844,108581,635064,635064,108580,45
108681,2593104,108682,635064,635064,108680,41
108781,2594472,108782,635064,635064,108780,55
108882,2594472,108883,635064,635064,108881,55
108982,2595400,108983,635064,635064,108981,53
109083,2597028,109084,635064,635064,109082,57
109184,2557464,109185,635064,635064,109183,75
109284,2533532,109284,635064,635064,109283,62
109386,2529008,109387,635064,635064,109384,45
109486,2529008,109486,635064,635064,109484,44
109585,2527676,109586,635064,635064,109584,37
109686,2527864,109687,635064,635064,109685,20
109786,2527604,109786,635064,635064,109785,44
109887,2527800,109888,635064,635064,109885,34
109987,2527800,109988,635064,635064,109986,44
110087,2527948,110088,635064,635064,110086,34
110188,2527980,110189,635064,635064,110187,28
110288,2527856,110289,635064,635064,110287,41
110390,2528088,110391,635064,635064,110389,31
110490,2530956,110490,635064,635064,110489,39
110591,2528596,110592,635064,635064,110590,29
110691,2527848,110692,635064,635064,110690,30
110792,2528352,110792,635064,635064,110790,25
110894,2528352,110895,635064,635064,110892,27
110994,2528352,110995,635064,635064,110992,28
111094,2528752,111095,635064,635064,111092,32
111194,2528772,111194,635064,635064,111192,30
111294,2528660,111295,635064,635064,111293,26
111397,2528748,111398,635064,635064,111393,56
111495,2530068,111495,635064,635064,111494,94
111595,2530776,111596,635064,635064,111594,91
111695,2532240,111696,635064,635064,111694,80
111799,2528408,111800,635064,635064,111798,67
111899,2528900,111900,635064,635064,111898,68
112000,2528900,112001,635064,635064,111999,41
112101,2528752,112102,635064,635064,112100,38
112201,2528752,112202,635064,635064,112200,35
112301,2528824,112302,635064,635064,112300,36
112401,2528888,112402,635064,635064,112400,0
112505,2529136,112507,635064,635064,112503,20
112605,2528544,112606,635064,635064,112603,19
112704,2529064,112705,635064,635064,112702,13
112803,2529380,112804,635064,635064,112802,23
112907,2529380,112908,635064,635064,112905,22
113008,2529644,113010,635064,635064,113006,24
113109,2529644,113111,635064,635064,113106,29
113206,2529868,113207,635064,635064,113205,49
113311,2531068,113313,635064,635064,113308,30
113407,2531856,113407,635064,635064,113406,37
113511,2531008,113513,635064,635064,113507,22
113609,2532120,113609,635064,635064,113607,40
113708,2533220,113709,635064,635064,113707,40
113812,2533964,113814,635064,635064,113810,44
113913,2534312,113914,635064,635064,113911,50
114013,2536400,114015,635064,635064,114011,43
114110,2536204,114110,635064,635064,114109,47
114211,2535148,114211,635064,635064,114210,44
114313,2529024,114313,635064,635064,114311,20
114413,2529452,114414,635064,635064,114412,24
114513,2520408,114513,307901,307901,114512,56
114613,2515556,114614,307901,307901,114613,60
114714,2513568,114714,307901,307901,114713,40
114814,2513272,114814,307901,307901,114813,24
114915,2513272,114915,307901,307901,114914,18
115015,2513272,115016,307901,307901,115014,18
115117,2512236,115117,307901,307901,115115,11
115217,2511792,115218,307901,307901,115216,11
115316,2512108,115317,307901,307901,115316,32
115418,2512884,115418,307901,307901,115416,37
115518,2513612,115519,307901,307901,115517,37
115618,2514340,115619,307901,307901,115616,38
115721,2515080,115723,307901,307901,115719,38
115821,2515328,115822,307901,307901,115819,40
115922,2516180,115924,307901,307901,115921,42
116019,2516844,116019,307901,307901,116018,26
116119,2518216,116119,307901,307901,116118,47
116219,2521692,116220,307901,307901,116219,55
116321,2522340,116321,307901,307901,116320,35
116420,2522192,116420,307901,307901,116419,41
116520,2516124,116521,307901,307901,116520,27
116621,2515532,116621,307901,307901,116620,20
116721,2515232,116721,307901,307901,116720,17
116822,2515232,116822,307901,307901,116821,3
116922,2515676,116922,307901,307901,116921,19
117023,2515676,117023,307901,307901,117022,17
117123,2515676,117124,307901,307901,117122,16
117223,2515720,117224,307901,307901,117222,28
117324,2516768,117324,307901,307901,117323,37
117425,2515976,117425,307901,307901,117423,0
117525,2516000,117526,307901,307901,117524,53
117625,2513508,117626,307901,307901,117624,60
117726,2514252,117726,307901,307901,117725,47
117827,2514376,117827,307901,307901,117825,53
117928,2515292,117929,307901,307901,117926,56
118028,2516880,118028,307901,307901,118026,58
118128,2517748,118128,307901,307901,118126,73
118230,2515400,118231,307901,307901,118229,87
118331,2510632,118332,307901,307901,118328,43
118429,2510632,118429,307901,307901,118428,48
118530,2509744,118530,307901,307901,118529,38
118631,2509592,118631,307901,307901,118629,2
118730,2509140,118731,307901,307901,118729,30
118831,2509848,118832,307901,307901,118830,31
118932,2509848,118933,307901,307901,118931,28
119032,2510012,119033,307901,307901,119031,31
119133,2510012,119134,307901,307901,119132,26
119233,2509864,119233,307901,307901,119232,34
119333,2510728,119334,307901,307901,119332,43
119433,2511384,119434,307901,307901,119433,0
119534,2511584,119534,307901,307901,119533,32
119637,2512676,119638,307901,307901,119636,26
119736,2513340,119736,307901,307901,119735,36
119840,2514312,119843,307901,307901,119838,38
119940,2515576,119941,307901,307901,119938,37
120037,2512740,120038,307901,307901,120036,54
120137,2512652,120138,307901,307901,120137,36
120239,2507856,120239,307901,307901,120238,32
120338,2506696,120339,307901,307901,120338,24
120439,2506800,120439,307901,307901,120438,22
120540,2506872,120541,307901,307901,120539,20
120641,2506872,120642,307901,307901,120640,18
120742,2507324,120743,307901,307901,120741,23
120840,2506732,120841,307901,307901,120839,24
120941,2506732,120941,307901,307901,120940,20
121041,2506584,121041,307901,307901,121040,22
121142,2506140,121142,307901,307901,121141,0
121241,2506504,121242,307901,307901,121241,30
121343,2507640,121344,307901,307901,121342,38
121444,2508384,121445,307901,307901,121443,33
121543,2508632,121544,307901,307901,121542,37
121646,2509376,121648,307901,307901,121645,37
121746,2509376,121748,307901,307901,121745,39
121847,2510380,121848,307901,307901,121845,38
121948,2509796,121949,307901,307901,121946,30
122045,2511308,122046,307901,307901,122045,36
122145,2506560,122146,307901,307901,122145,29
122246,2506836,122246,307901,307901,122245,28
122346,2506600,122346,307901,307901,122345,33
122446,2506452,122447,307901,307901,122446,20
122547,2505416,122547,307901,307901,122546,21
122648,2502012,122649,307901,307901,122647,3
122748,2502876,122748,307901,307901,122747,17
122848,2500508,122848,307901,307901,122847,61
122949,2500212,122950,307901,307901,122948,20
123049,2501380,123049,307901,307901,123048,29
123149,2512484,123149,307901,307901,123148,38
123250,2521708,123250,307901,307901,123249,62
123350,2499280,123351,307901,307901,123349,35
123450,2499300,123451,307901,307901,123450,54
123550,2498672,123551,307901,307901,123550,63
123651,2498672,123652,307901,307901,123650,35
123753,2500692,123754,307901,307901,123752,43
123853,2500084,123853,307901,307901,123852,40
123953,2501020,123954,307901,307901,123952,34
124053,2495576,124054,307901,307901,124052,28
124154,2496576,124154,307901,307901,124153,66
124255,2498396,124255,307901,307901,124254,66
124355,2498652,124356,307901,307901,124354,43
124458,2501792,124459,307901,307901,124457,43
124555,2515144,124556,307901,307901,124555,58
124656,2498528,124657,307901,307901,124655,51
124756,2491788,124756,307901,307901,124755,39
124857,2492900,124857,307901,307901,124856,30
124957,2488672,124957,307901,307901,124956,37
125057,2494044,125058,307901,307901,125057,38
125158,2494280,125159,307901,307901,125157,34
125259,2494400,125259,307901,307901,125257,30
125359,2494224,125359,307901,307901,125358,32
125460,2492144,125460,307901,307901,125459,0
125560,2493084,125561,307901,307901,125559,36
125661,2493092,125661,307901,307901,125660,30
125762,2493092,125763,307901,307901,125761,30
125863,2493564,125863,307901,307901,125861,28
125962,2494248,125963,307901,307901,125961,48
126063,2494968,126063,307901,307901,126062,52
126113,2495216,126114,307901,307901,126112,52
126213,2496124,126214,307901,307901,126212,56
126315,2495852,126315,307901,307901,126313,40
126415,2496212,126416,307901,307901,126413,42
126515,2496484,126515,307901,307901,126513,60
126615,2497528,126616,307901,307901,126614,57
126716,2499392,126716,307901,307901,126714,56
126818,2498896,126819,307901,307901,126815,65
126917,2499204,126917,307901,307901,126915,59
127016,2494344,127017,307901,307901,127015,64
127117,2494556,127119,307901,307901,127116,55
127221,2494252,127222,307901,307901,127216,56
127322,2495048,127323,307901,307901,127321,79
127421,2492968,127422,307901,307901,127419,75
127522,2489812,127522,307901,307901,127520,52
127624,2489812,127625,307901,307901,127622,40
127722,2489552,127722,307901,307901,127721,47
127825,2489576,127826,307901,307901,127823,37
127923,2489576,127924,307901,307901,127922,45
128025,2489580,128026,307901,307901,128023,43
128125,2489200,128126,307901,307901,128123,39
128226,2489272,128231,307901,307901,128225,41
128326,2490008,128327,307901,307901,128325,68
128429,2490008,128430,307901,307901,128427,44
128529,2490008,128530,307901,307901,128528,51
128630,2490660,128630,307901,307901,128629,50
128730,2490808,128730,307901,307901,128728,57
128830,2491036,128830,307901,307901,128828,61
128930,2491224,128931,307901,307901,128929,69
129030,2512496,129031,307901,307901,129029,68
129132,2513712,129133,307901,307901,129130,37
129232,2514252,129232,307901,307901,129230,61
129332,2514628,129332,307901,307901,129331,57
129432,2514628,129433,307901,307901,129431,39
129540,2515036,129541,307901,307901,129539,62
129642,2514888,129643,307901,307901,129641,57
129741,2514676,129742,307901,307901,129740,69
129842,2520724,129842,307901,307901,129840,65
129942,2523988,129943,307901,307901,129941,55
130042,2523100,130043,307901,307901,130041,57
130143,2522828,130143,307901,307901,130142,13
130244,2523004,130244,307901,307901,130242,40
130346,2523296,130347,307901,307901,130344,25
130445,2523560,130446,307901,307901,130443,34
130546,2523972,130546,307901,307901,130544,29
130645,2523824,130646,307901,307901,130644,31
130745,2523760,130746,307901,307901,130744,30
130846,2523980,130847,307901,307901,130845,28
130946,2523988,130947,307901,307901,130945,26
131047,2524440,131048,307901,307901,131046,48
131149,2525244,131150,307901,307901,131147,36
131248,2525740,131249,307901,307901,131246,62
131349,2526116,131350,307901,307901,131348,53
131449,2526860,131449,307901,307901,131447,55
131549,2527272,131550,307901,307901,131548,56
131650,2527652,131651,307901,307901,131649,58
131750,2529736,131751,307901,307901,131749,56
131850,2529032,131851,307901,307901,131849,75
131956,2529412,131957,307901,307901,131951,69
132051,2520328,132052,307901,307901,132050,70
132153,2522736,132154,307901,307901,132152,67
132254,2495988,132255,307901,307901,132252,83
132355,2495760,132356,307901,307901,132353,52
132454,2495760,132454,307901,307901,132452,55
132555,2495716,132555,307901,307901,132553,56
132659,2495236,132660,307901,307901,132658,89
132754,2496296,132755,307901,307901,132753,85
132855,2497028,132856,307901,307901,132854,48
132959,2497052,132960,307901,307901,132955,31
133056,2497156,133058,307901,307901,133055,40
133156,2503404,133157,307901,307901,133155,59
133257,2504072,133257,307901,307901,133255,76
133357,2505748,133357,307901,307901,133356,71
133458,2505748,133459,307901,307901,133456,42
133559,2505912,133560,307901,307901,133557,35
133663,2505844,133663,307901,307901,133661,58
133759,2505752,133760,307901,307901,133758,56
133860,2505920,133861,307901,307901,133859,69
133961,2506044,133961,307901,307901,133959,51
134061,2505748,134061,307901,307901,134059,31
134161,2506872,134162,307901,307901,134160,57
134261,2507024,134262,307901,307901,134260,56
134363,2507312,134363,307901,307901,134361,58
134464,2508336,134464,307901,307901,134462,76
134564,2510676,134564,307901,307901,134563,71
134664,2512420,134665,307901,307901,134663,56
134767,2511000,134768,307901,307901,134764,82
134867,2510928,134868,307901,307901,134865,87
134966,2521916,134967,307901,307901,134965,86
135066,2532564,135067,307901,307901,135065,85
135167,2539068,135168,307901,307901,135166,78
135268,2543324,135273,307901,307901,135266,82
135369,2566620,135370,307901,307901,135368,97
135473,2567488,135474,307901,307901,135469,72
135571,2568444,135572,307901,307901,135569,81
135676,2570180,135676,307901,307901,135674,83
135776,2570360,135777,307901,307901,135775,64
135876,2593832,135879,307901,307901,135875,84
135979,2596320,135980,307901,307901,135976,59
136078,2582320,136079,307901,307901,136076,87
136178,2636308,136178,307901,307901,136176,97
136278,2664784,136279,307901,307901,136277,97
136379,2639208,136380,307901,307901,136378,95
136479,2640192,136480,307901,307901,136478,82
136580,2644272,136580,307901,307901,136579,97
136681,2646396,136682,307901,307901,136679,88
136781,2648136,136781,307901,307901,136779,78
136881,2651132,136882,307901,307901,136880,84
136984,2649892,136984,307901,307901,136983,87
137082,2654504,137087,307901,307901,137081,71
137183,2653620,137183,307901,307901,137181,95
137283,2656780,137284,307901,307901,137282,90
137384,2659856,137385,307901,307901,137382,95
137487,2658100,137488,307901,307901,137486,92
137587,2657232,137588,307901,307901,137586,94
137688,2658956,137689,307901,307901,137686,81
137788,2663768,137789,307901,307901,137787,57
137889,2658248,137890,307901,307901,137887,59
137990,2659660,137991,307901,307901,137988,53
138091,2662452,138091,307901,307901,138089,60
138191,2657128,138191,307901,307901,138189,56
138292,2658740,138293,0,0,138290,66
138392,2661708,138392,0,0,138390,62
138492,2656876,138493,0,0,138490,53
138599,2657820,138600,0,0,138594,69
138692,2656600,138692,0,0,138691,72
138793,2656900,138794,0,0,138792,58
138893,2648380,138894,0,0,138892,71
139002,2647604,139002,0,0,139001,86
139110,2647644,139110,0,0,139109,84
139158,2647144,139159,0,0,139157,88
139259,2648620,139260,0,0,139258,95
139409,2651084,139410,0,0,139408,100
139512,2652248,139513,0,0,139509,95
139564,2652052,139568,0,0,139563,95
139664,2652632,139664,0,0,139662,91
139765,2650652,139766,0,0,139764,82
139865,2651376,139866,0,0,139864,85
139973,2651448,139974,0,0,139966,95
140070,2651768,140071,0,0,140067,84
140170,2659596,140171,0,0,140169,87
140271,2659800,140272,0,0,140269,85
140372,2659928,140373,0,0,140370,77
140472,2658540,140473,0,0,140471,72
140572,2658764,140573,0,0,140571,94
140673,2659364,140674,0,0,140672,90
140774,2662520,140776,0,0,140772,85
140874,2660308,140874,0,0,140872,90
140977,2660484,140990,0,0,140975,81
141080,2660204,141081,0,0,141079,80
141178,2636748,141179,0,0,141177,85
141282,2636532,141296,0,0,141277,90
141380,2637036,141381,0,0,141379,100
141481,2637208,141481,0,0,141479,100
141586,2637764,141587,0,0,141585,97
141683,2635696,141684,0,0,141681,92
141784,2635548,141785,0,0,141782,84
141886,2636044,141887,0,0,141882,92
141985,2636044,141987,0,0,141983,86
142088,2637064,142089,0,0,142083,87
142187,2637824,142189,0,0,142184,92
142287,2639020,142289,0,0,142285,80
142387,2637008,142388,0,0,142385,67
142486,2628104,142487,0,0,142485,67
142590,2622916,142592,0,0,142586,61
142688,2594352,142703,0,0,142686,55
142788,2542732,142788,0,0,142786,75
142889,2540736,142889,0,0,142887,69
142989,2536444,142990,0,0,142987,72
143091,2536648,143091,0,0,143088,67
143190,2531912,143191,0,0,143189,74
143291,2531176,143292,0,0,143289,38
143392,2530932,143392,0,0,143390,51
143492,2531168,143493,0,0,143490,28
143593,2531092,143593,0,0,143590,48
143696,2531536,143697,0,0,143692,34
143794,2531752,143795,0,0,143792,53
143894,2532164,143895,0,0,143892,53
143995,2532908,143995,0,0,143992,58
144094,2530328,144095,0,0,144093,58
144195,2531488,144195,0,0,144194,52
144295,2532924,144295,0,0,144294,52
144395,2532500,144396,0,0,144394,76
144495,2532724,144496,0,0,144494,64
144596,2525520,144596,0,0,144595,87
144701,2526344,144702,0,0,144697,56
144797,2525920,144798,0,0,144796,84
144900,2526520,144902,0,0,144897,55
144998,2526512,145000,0,0,144997,51
145106,2526836,145106,0,0,145105,87
145199,2527140,145200,0,0,145198,53
145300,2527136,145301,0,0,145299,43
145400,2527424,145401,0,0,145399,66
145501,2528240,145502,0,0,145500,73
145601,2529812,145602,0,0,145600,84
145702,2530496,145703,672395,672395,145701,59
145803,2532996,145803,672395,672395,145802,97
145907,2546884,145907,672395,672395,145906,95
146009,2550548,146012,672395,672395,146006,77
146107,2567920,146108,672395,672395,146106,86
146209,2606120,146210,672395,672395,146208,93
146312,2615020,146313,672395,672395,146310,97
146415,2633300,146415,672395,672395,146414,100
146515,2657980,146517,672395,672395,146514,90
146616,2658944,146616,672395,672395,146615,75
146718,2662328,146718,672395,672395,146716,76
146817,2663080,146822,672395,672395,146816,97
146917,2663940,146918,672395,672395,146916,97
147017,2663840,147018,672395,672395,147016,88
147118,2666944,147119,672395,672395,147117,87
147219,2668280,147220,672395,672395,147218,66
147320,2669648,147321,672395,672395,147319,80
147421,2670324,147422,672395,672395,147419,88
147521,2668744,147522,672395,672395,147520,78
147622,2668844,147623,672395,672395,147621,72
147722,2669152,147723,672395,672395,147721,82
147823,2668412,147824,672395,672395,147822,70
147924,2668452,147925,672395,672395,147923,42
148026,2669496,148028,672395,672395,148024,83
148128,2666344,148129,672395,672395,148124,69
148226,2666344,148226,672395,672395,148225,73
148325,2667180,148326,672395,672395,148324,71
148429,2668668,148430,672395,672395,148428,87
148526,2668136,148527,672395,672395,148525,97
148629,2666616,148633,672395,672395,148626,87
148728,2666616,148728,672395,672395,148726,67
148828,2666616,148829,672395,672395,148827,58
148929,2666596,148938,672395,672395,148928,53
149028,2667132,149029,672395,672395,149027,87
149129,2668656,149130,672395,672395,149128,75
149230,2668940,149230,672395,672395,149228,67
149330,2669348,149331,672395,672395,149329,64
149433,2670752,149447,672395,672395,149432,80
149533,2671736,149534,672395,672395,149532,97
149634,2671796,149634,672395,672395,149632,62
149735,2672036,149736,672395,672395,149734,71
149839,2672724,149839,672395,672395,149836,92
149939,2672600,149939,672395,672395,149937,66
150038,2673324,150039,672395,672395,150037,65
150139,2674004,150140,672395,672395,150138,38
150242,2677328,150242,672395,672395,150240,66
150342,2677344,150343,672395,672395,150340,31
150444,2677584,150445,672395,672395,150441,34
150542,2677584,150543,672395,672395,150541,37
150643,2677584,150643,672395,672395,150641,30
150743,2679880,150744,672395,672395,150742,32
150843,2678088,150844,672395,672395,150842,35
150945,2677348,150945,672395,672395,150943,17
151045,2677356,151046,672395,672395,151043,21
151145,2677184,151145,672395,672395,151143,37
151246,2677184,151247,672395,672395,151244,37
151346,2677320,151347,672395,672395,151345,30
151447,2677796,151448,672395,672395,151445,35
151546,2677796,151547,672395,672395,151545,35
151648,2676588,151648,672395,672395,151645,78
151747,2616056,151747,672395,672395,151746,63
151848,2607552,151849,672395,672395,151847,58
151949,2606664,151949,672395,672395,151947,67
152050,2604156,152051,672395,672395,152048,2
152149,2604556,152150,672395,672395,152148,36
152250,2604556,152250,672395,672395,152248,35
152351,2604624,152352,672395,672395,152349,30
152451,2604748,152452,672395,672395,152450,28
152553,2601740,152554,672395,672395,152551,31
152652,2602608,152652,672395,672395,152650,55
152752,2603104,152753,672395,672395,152751,71
152853,2603308,152854,672395,672395,152851,62
152953,2603556,152954,672395,672395,152952,55
153055,2603856,153056,672395,672395,153053,33
153154,2603560,153155,672395,672395,153153,51
153255,2604620,153255,672395,672395,153253,58
153355,2605904,153356,672395,672395,153354,58
153457,2606836,153457,672395,672395,153455,86
153556,2604892,153556,672395,672395,153555,79
153657,2600264,153658,672395,672395,153656,79
153757,2601388,153758,672395,672395,153756,78
153860,2601688,153862,672395,672395,153857,75
153960,2602864,153961,672395,672395,153958,100
154009,2601976,154010,672395,672395,154008,100
154109,2601944,154110,672395,672395,154108,90
154211,2601676,154212,672395,672395,154209,68
154313,2603956,154314,672395,672395,154311,81
154411,2606228,154412,672395,672395,154410,89
154511,2606648,154512,672395,672395,154510,76
154612,2608008,154612,672395,672395,154611,71
154712,2609476,154713,672395,672395,154711,75
154812,2609840,154813,672395,672395,154812,81
154913,2613552,154914,672395,672395,154912,75
155014,2592600,155014,672395,672395,155013,87
155120,2592444,155121,672395,672395,155119,90
155228,2593456,155230,672395,672395,155227,90
155329,2593024,155329,672395,672395,155327,76
155432,2593612,155435,672395,672395,155428,72
155530,2593612,155531,672395,672395,155529,78
155631,2594548,155631,672395,672395,155629,77
155732,2595760,155732,672395,672395,155730,70
155832,2595664,155833,672395,672395,155830,69
155933,2595024,155934,672395,672395,155931,75
156033,2596312,156034,672395,672395,156031,80
156134,2597464,156136,672395,672395,156132,70
156234,2596928,156235,672395,672395,156232,57
156338,2596380,156339,672395,672395,156333,38
156436,2595736,156437,672395,672395,156433,65
156537,2596168,156538,672395,672395,156534,66
156636,2596168,156637,672395,672395,156634,35
156738,2596168,156739,672395,672395,156735,31
156839,2596172,156840,672395,672395,156836,35
156937,2595728,156938,672395,672395,156935,31
157038,2595668,157039,672395,672395,157036,39
157139,2595668,157139,672395,672395,157136,34
157239,2595712,157240,672395,672395,157237,30
157339,2595660,157340,672395,672395,157337,28
157440,2594896,157441,672395,672395,157438,29
157540,2594980,157541,672395,672395,157538,41
157641,2595416,157642,672395,672395,157639,42
157742,2596176,157742,672395,672395,157739,53
157842,2597068,157843,672395,672395,157840,57
157942,2597268,157943,672395,672395,157940,68
158043,2597368,158043,672395,672395,158040,57
158143,2597864,158144,672395,672395,158141,56
158244,2598072,158244,672395,672395,158242,57
158344,2599336,158345,672395,672395,158342,59
158445,2600216,158446,672395,672395,158442,56
158546,2596572,158548,672395,672395,158543,57
158644,2582180,158645,672395,672395,158643,57
158748,2576852,158749,672395,672395,158745,47
158846,2576420,158847,672395,672395,158844,52
158947,2544984,158949,672395,672395,158945,89
159047,2526336,159048,672395,672395,159045,87
159147,2523820,159148,672395,672395,159146,51
159249,2523820,159250,672395,672395,159246,30
159349,2523520,159350,672395,672395,159347,28
159450,2523076,159450,672395,672395,159448,32
159553,2522928,159554,672395,672395,159549,12
159650,2522572,159651,672395,672395,159648,36
159751,2520940,159752,672395,672395,159749,53
159851,2521684,159852,672395,672395,159849,55
159953,2522428,159954,672395,672395,159950,52
160053,2522676,160053,672395,672395,160051,57
160153,2523272,160154,672395,672395,160151,55
160254,2523324,160254,672395,672395,160252,52
160353,2524068,160354,672395,672395,160352,55
160454,2524988,160454,672395,672395,160453,41
160554,2524252,160555,672395,672395,160553,50
160654,2525148,160654,672395,672395,160653,57
160755,2521460,160756,672395,672395,160754,46
160855,2520276,160856,672395,672395,160854,51
160956,2520128,160956,672395,672395,160955,38
161056,2519972,161057,672395,672395,161055,37
161157,2519528,161158,672395,672395,161156,31
161259,2519536,161260,672395,672395,161257,30
161358,2519316,161359,672395,672395,161357,29
161459,2518724,161460,672395,672395,161457,17
161559,2518680,161560,672395,672395,161558,29
161660,2518936,161661,672395,672395,161659,31
161759,2519820,161760,672395,672395,161758,51
161860,2520564,161861,672395,672395,161859,52
161961,2521060,161961,672395,672395,161959,56
162061,2521160,162062,672395,672395,162060,50
162161,2521904,162162,672395,672395,162160,53
162262,2521980,162263,672395,672395,162261,54
162362,2522396,162363,672395,672395,162361,41
162463,2523908,162464,672395,672395,162462,43
162563,2521716,162563,672395,672395,162562,73
162664,2522632,162665,672395,672395,162663,62
162764,2518616,162765,672395,672395,162763,75
162865,2520372,162868,672395,672395,162864,82
162967,2520720,162968,672395,672395,162965,80
163066,2521308,163067,672395,672395,163065,76
163167,2521904,163167,672395,672395,163166,72
163267,2521432,163268,672395,672395,163266,50
163368,2521416,163369,672395,672395,163367,35
163468,2522764,163469,672395,672395,163467,72
163571,2524400,163571,672395,672395,163569,60
163670,2523616,163670,672395,672395,163668,62
163770,2520232,163771,672395,672395,163769,66
163871,2519932,163872,672395,672395,163870,63
163971,2520196,163971,672395,672395,163970,57
164071,2520184,164071,672395,672395,164070,57
164171,2517324,164171,672395,672395,164170,74
164271,2517636,164272,672395,672395,164270,37
164373,2518712,164374,672395,672395,164372,48
164473,2519132,164473,672395,672395,164472,52
164573,2519132,164574,672395,672395,164572,40
164673,2519132,164674,672395,672395,164672,57
164774,2519332,164775,672395,672395,164773,41
164874,2519244,164875,672395,672395,164873,56
164976,2519404,164977,672395,672395,164975,60
165075,2519268,165076,672395,672395,165074,63
165176,2518796,165176,672395,672395,165175,65
165277,2519024,165277,672395,672395,165275,48
165377,2530116,165380,672395,672395,165376,65
165477,2530116,165480,672395,672395,165476,65
165579,2530272,165580,672395,672395,165577,71
165680,2530976,165681,672395,672395,165677,80
165779,2533628,165780,672395,672395,165778,59
165880,2545220,165881,672395,672395,165878,59
165981,2545220,165982,672395,672395,165978,52
166080,2544784,166081,672395,672395,166079,44
166181,2544736,166181,672395,672395,166179,23
166285,2544592,166286,672395,672395,166282,7
166381,2544480,166382,672395,672395,166380,30
166483,2544480,166484,672395,672395,166481,28
166583,2544480,166584,672395,672395,166582,30
166684,2544480,166685,672395,672395,166682,31
166784,2545112,166785,672395,672395,166782,31
166884,2544976,166884,672395,672395,166882,26
166984,2545080,166985,672395,672395,166983,29
167084,2545016,167085,672395,672395,167083,27
167185,2544876,167186,672395,672395,167184,28
167285,2530560,167285,672395,672395,167284,39
167389,2530256,167391,672395,672395,167385,12
167486,2530272,167487,672395,672395,167485,35
167588,2527708,167589,672395,672395,167586,28
167688,2527708,167689,672395,672395,167687,31
167790,2528268,167791,672395,672395,167787,31
167888,2526864,167889,672395,672395,167887,65
167989,2527488,167990,672395,672395,167988,55
168090,2527984,168090,672395,672395,168088,58
168190,2527988,168191,672395,672395,168189,57
168291,2528012,168291,672395,672395,168289,51
168392,2528128,168393,672395,672395,168390,34
168491,2529600,168492,672395,672395,168490,74
168592,2531192,168593,672395,672395,168591,55
168694,2530996,168695,672395,672395,168693,79
168803,2531600,168807,672395,672395,168800,69
168893,2525584,168893,672395,672395,168892,92
168996,2524272,168997,672395,672395,168995,72
169098,2516072,169098,672395,672395,169095,87
169198,2503236,169204,672395,672395,169196,59
169297,2503032,169298,672395,672395,169296,52
169398,2502336,169399,1835075,1835075,169397,55
169498,2505772,169499,1835075,1835075,169497,83
169599,2507536,169599,1835075,1835075,169597,73
169700,2509000,169702,1835075,1835075,169698,80
169800,2513696,169800,1835075,1835075,169799,89
169900,2527844,169908,1835075,1835075,169899,92
170001,2534136,170002,1835075,1835075,170000,97
170104,2539608,170105,1835075,1835075,170100,88
170203,2554844,170204,1835075,1835075,170201,97
170302,2581564,170303,1835075,1835075,170301,92
170403,2584164,170404,1835075,1835075,170402,60
170504,2578684,170506,1835075,1835075,170503,72
170606,2579488,170607,1835075,1835075,170603,86
170705,2580044,170706,1835075,1835075,170704,79
170808,2581128,170809,1835075,1835075,170805,68
170908,2606888,170908,1835075,1835075,170906,97
171007,2617968,171015,1835075,1835075,171005,75
171109,2631676,171111,1835075,1835075,171107,85
171208,2632416,171209,1835075,1835075,171206,95
171308,2632680,171309,1835075,1835075,171307,92
171409,2632008,171409,1835075,1835075,171408,76
171509,2635268,171510,1835075,1835075,171508,58
171610,2635920,171611,1835075,1835075,171609,68
171710,2636548,171711,1835075,1835075,171709,73
171810,2638132,171811,1835075,1835075,171809,63
171911,2639440,171911,1835075,1835075,171910,56
172011,2642372,172012,1835075,1835075,172010,77
172112,2642476,172113,1835075,1835075,172111,87
172212,2641012,172215,1835075,1835075,172211,86
172313,2640664,172313,1835075,1835075,172312,64
172414,2642228,172414,1835075,1835075,172412,61
172514,2642180,172514,1835075,1835075,172513,51
172614,2643368,172615,1835075,1835075,172613,66
172715,2643616,172715,1835075,1835075,172714,71
172816,2643880,172816,1835075,1835075,172814,52
172916,2645296,172916,1835075,1835075,172915,92
173016,2646188,173017,1835075,1835075,173015,83
173116,2647076,173117,1835075,1835075,173116,87
173217,2650592,173218,1835075,1835075,173216,100
173317,2651304,173321,1835075,1835075,173316,82
173418,2652408,173419,1835075,1835075,173417,90
173518,2654120,173519,1835075,1835075,173517,90
173619,2655776,173620,1835075,1835075,173618,87
173720,2668028,173721,1835075,1835075,173719,90
173820,2666728,173821,1835075,1835075,173819,71
173920,2636768,173921,1835075,1835075,173919,67
174021,2578476,174021,1835075,1835075,174019,53
174121,2578172,174121,1835075,1835075,174120,58
174221,2534512,174221,1835075,1835075,174220,78
174322,2528816,174323,1835075,1835075,174321,87
174423,2526744,174423,1835075,1835075,174422,84
174525,2525116,174525,1835075,1835075,174523,20
174626,2525116,174628,1835075,1835075,174624,10
174725,2525148,174725,1835075,1835075,174724,38
174826,2525148,174827,1835075,1835075,174825,28
174926,2525148,174927,1835075,1835075,174925,30
175028,2525628,175029,1835075,1835075,175026,37
175129,2526488,175130,1835075,1835075,175127,52
175227,2526688,175228,1835075,1835075,175226,58
175328,2527280,175328,1835075,1835075,175327,55
175429,2527528,175429,1835075,1835075,175427,55
175529,2527284,175529,1835075,1835075,175528,54
175631,2527476,175632,1835075,1835075,175629,38
175730,2528888,175730,1835075,1835075,175729,62
175831,2532728,175831,1835075,1835075,175829,55
175930,2531384,175931,1835075,1835075,175929,68
176031,2531880,176031,1835075,1835075,176030,46
176134,2526996,176135,1835075,1835075,176132,47
176232,2526564,176233,1835075,1835075,176231,47
176333,2527672,176334,1835075,1835075,176332,73
176433,2527228,176434,1835075,1835075,176432,85
176534,2526488,176534,1835075,1835075,176533,30
176634,2525600,176635,1835075,1835075,176633,10
176735,2525312,176735,1835075,1835075,176734,23
176836,2525912,176837,0,0,176835,33
176937,2525912,176937,0,0,176935,29
176987,2525912,176988,0,0,176986,35
177087,2526304,177087,0,0,177086,39
177187,2527028,177188,0,0,177186,56
177288,2527748,177288,0,0,177286,55
177388,2526492,177388,0,0,177387,66
177488,2526740,177489,0,0,177487,53
177591,2526288,177592,0,0,177589,34
177689,2525996,177690,0,0,177688,52
177790,2527044,177790,0,0,177789,62
177890,2528352,177891,0,0,177889,57
