Treatment,Subject,App package,Run number,Duration [ms],Memory Usage [KB],Battery Power [uW] (Raw),Battery Power [uW] (Delta),CPU Load [%],Battery Power [uW] (Raw) (Non zero),Battery Power [uW] (Delta) (Non zero)
baseline,baseline.io.github.hidroh.materialistic,io.github.hidroh.materialistic,1,174182,2572152.85155351,575839.8055235903,575839.8055235903,40.14844649021864,1097378.9276315789,1097378.9276315789
baseline,baseline.io.github.hidroh.materialistic,io.github.hidroh.materialistic,2,174271,2522022.2817711327,582139.3795284646,582139.3795284646,41.29457782939241,876485.1783549783,876485.1783549783
baseline,baseline.io.github.hidroh.materialistic,io.github.hidroh.materialistic,3,168016,2513036.1002386636,1633313.427804296,706306.8168257757,33.16348448687351,2668063.650097466,1153772.149122807
baseline,baseline.io.github.hidroh.materialistic,io.github.hidroh.materialistic,4,173965,2633199.34562212,983295.1538018433,983295.1538018433,40.21082949308756,1202112.9485915492,1202112.9485915492
baseline,baseline.io.github.hidroh.materialistic,io.github.hidroh.materialistic,5,174208,2610038.109383995,485843.95739781234,396122.0662061025,43.21243523316062,962270.1870011402,784565.5974914482
baseline,baseline.io.github.hidroh.materialistic,io.github.hidroh.materialistic,6,164729,2637333.5547445253,2179413.2420924576,897435.4403892944,29.03345498783455,2179413.2420924576,897435.4403892944
baseline,baseline.io.github.hidroh.materialistic,io.github.hidroh.materialistic,7,175342,2600851.8810749,95913.96169239565,95913.96169239565,42.6106346483705,762515.9954545455,762515.9954545455
baseline,baseline.io.github.hidroh.materialistic,io.github.hidroh.materialistic,8,176355,2528474.5454545454,711525.6284090909,711525.6284090909,46.00510169163223,1243580.0456802384,1243580.0456802384
baseline,baseline.io.github.hidroh.materialistic,io.github.hidroh.materialistic,9,175883,2617065.4777651085,808547.0655644241,0.0,45.225199543899656,1171091.2906688687,0.0
baseline,baseline.io.github.hidroh.materialistic,io.github.hidroh.materialistic,10,176608,2627668.5905735376,410690.6859738785,410690.6859738785,45.628052243043726,1057348.388888889,1057348.388888889
nappagreedy,nappagreedy.io.github.hidroh.materialistic,io.github.hidroh.materialistic,1,174480,2543295.5519816196,1905605.683515221,1905605.683515221,46.01952900631821,2021730.3443022547,2021730.3443022547
nappagreedy,nappagreedy.io.github.hidroh.materialistic,io.github.hidroh.materialistic,2,174489,2638014.267662263,1192647.2171165997,1192647.2171165997,42.59596295842968,1649244.483717236,1649244.483717236
nappagreedy,nappagreedy.io.github.hidroh.materialistic,io.github.hidroh.materialistic,3,174845,2635259.493119266,2217325.267201835,0.0,40.919151376146786,2217325.267201835,0.0
nappagreedy,nappagreedy.io.github.hidroh.materialistic,io.github.hidroh.materialistic,4,173836,2635239.331412104,1407575.6224783862,987534.8167146974,42.395602986487724,1568493.0667951189,1100432.1817597945
nappagreedy,nappagreedy.io.github.hidroh.materialistic,io.github.hidroh.materialistic,5,173887,2638377.459365994,1062753.441498559,1057168.7902017292,41.218556088000064,1062753.441498559,1057168.7902017292
nappagreedy,nappagreedy.io.github.hidroh.materialistic,io.github.hidroh.materialistic,6,178734,2619789.579360628,1073071.0802019069,1073071.0802019069,51.38887272423012,1231993.390856407,1231993.390856407
nappagreedy,nappagreedy.io.github.hidroh.materialistic,io.github.hidroh.materialistic,7,219228,2474976.1921317475,781090.7063129003,781090.7063129003,37.90250923074476,1443334.1369399831,1443334.1369399831
nappagreedy,nappagreedy.io.github.hidroh.materialistic,io.github.hidroh.materialistic,8,174230,2544826.0149511215,629282.1771132835,134896.93559516963,39.82507313695451,629282.1771132835,134896.93559516963
nappagreedy,nappagreedy.io.github.hidroh.materialistic,io.github.hidroh.materialistic,9,176667,2569227.5666477596,882842.3460011345,879458.8803176404,46.81055019852524,1735173.9754738016,1728523.9754738016
nappagreedy,nappagreedy.io.github.hidroh.materialistic,io.github.hidroh.materialistic,10,176174,2626963.0739476676,1558122.901592719,15291.354948805461,46.36196564769408,1693988.9059987632,16624.73840445269
nappatfpr,nappatfpr.appteam.nith.hillffair,appteam.nith.hillffair,1,155904,2459580.8406169666,1033184.9183804627,1033184.9183804627,18.064301220584056,1784279.3928967814,1784279.3928967814
nappatfpr,nappatfpr.appteam.nith.hillffair,appteam.nith.hillffair,2,154869,2688893.7812297735,435363.70355987054,416132.6841423948,17.59482200647249,727175.0508108108,695054.0508108108
nappatfpr,nappatfpr.appteam.nith.hillffair,appteam.nith.hillffair,3,154713,2513116.689119171,1131490.198834197,569930.685880829,17.600122234825097,1415738.141815235,713106.141815235
nappatfpr,nappatfpr.appteam.nith.hillffair,appteam.nith.hillffair,4,156066,2498826.8472400513,724073.6559691912,724073.6559691912,18.333761232349165,1450008.6838046273,1450008.6838046273
nappatfpr,nappatfpr.appteam.nith.hillffair,appteam.nith.hillffair,5,155870,2491673.1953727505,334286.0559125964,334286.0559125964,18.605780096615803,639003.8120393121,639003.8120393121
nappatfpr,nappatfpr.appteam.nith.hillffair,appteam.nith.hillffair,6,151346,2338306.1601588354,699296.6181336863,695295.6181336863,15.612177365982793,699296.6181336863,695295.6181336863
nappatfpr,nappatfpr.appteam.nith.hillffair,appteam.nith.hillffair,7,152161,2473918.533245556,711580.5806451613,707582.5806451613,16.32937368708234,711580.5806451613,707582.5806451613
nappatfpr,nappatfpr.appteam.nith.hillffair,appteam.nith.hillffair,8,157871,2376574.421319797,644741.4194162437,644741.4194162437,19.96697608802082,1010052.1640159045,1010052.1640159045
nappatfpr,nappatfpr.appteam.nith.hillffair,appteam.nith.hillffair,9,161496,2615192.771712159,39428.96650124069,39428.96650124069,22.183728272447954,308541.23300970875,308541.23300970875
nappatfpr,nappatfpr.appteam.nith.hillffair,appteam.nith.hillffair,10,156916,2666717.5734355045,757247.748403576,757247.748403576,19.307151979565774,1273737.888292159,1273737.888292159
nappagreedy,nappagreedy.appteam.nith.hillffair,appteam.nith.hillffair,1,155052,2413433.0568475453,662402.450258398,662402.450258398,17.5462111651944,1101395.2663802363,1101395.2663802363
nappagreedy,nappagreedy.appteam.nith.hillffair,appteam.nith.hillffair,2,155387,2417864.1780645163,385399.1896774194,385399.1896774194,17.514193548387098,1464139.0784313725,1464139.0784313725
nappagreedy,nappagreedy.appteam.nith.hillffair,appteam.nith.hillffair,3,153387,2571838.9784454606,542800.7008491182,542800.7008491182,16.81045034452365,1195723.5582733813,1195723.5582733813
nappagreedy,nappagreedy.appteam.nith.hillffair,appteam.nith.hillffair,4,155060,2644697.4056847547,747144.3643410853,747144.3643410853,17.524547803617573,1087010.7857142857,1087010.7857142857
nappagreedy,nappagreedy.appteam.nith.hillffair,appteam.nith.hillffair,5,155357,2542312.0644745324,357371.90135396516,357371.90135396516,17.434558349451965,499805.0667267809,499805.0667267809
nappagreedy,nappagreedy.appteam.nith.hillffair,appteam.nith.hillffair,6,157324,2510879.1949044587,616850.725477707,440525.36815286626,19.267041259280294,874847.0090334236,624774.0090334236
nappagreedy,nappagreedy.appteam.nith.hillffair,appteam.nith.hillffair,7,159782,2610743.719122257,449196.45454545453,449196.45454545453,20.756112852664575,966893.8529014845,966893.8529014845
nappagreedy,nappagreedy.appteam.nith.hillffair,appteam.nith.hillffair,8,158573,2508129.710675932,251889.9696778269,251889.9696778269,19.89955780164245,577886.6985507247,577886.6985507247
nappagreedy,nappagreedy.appteam.nith.hillffair,appteam.nith.hillffair,9,157942,2415059.7944162437,56396.441624365485,56396.441624365485,19.66687817258883,200181.96396396396,200181.96396396396
nappagreedy,nappagreedy.appteam.nith.hillffair,appteam.nith.hillffair,10,156712,2469395.62915601,258162.8101023018,253635.7679028133,18.94688924719226,722301.6726296959,709635.6726296959
baseline,baseline.com.ak.uobtimetable,com.ak.uobtimetable,1,64352,2651157.53894081,479147.5093457944,475161.5093457944,24.218068535825545,479147.5093457944,475161.5093457944
baseline,baseline.com.ak.uobtimetable,com.ak.uobtimetable,2,65803,2675941.4307458145,895426.4292237443,895426.4292237443,26.382560830674922,1000501.9795918367,1000501.9795918367
baseline,baseline.com.ak.uobtimetable,com.ak.uobtimetable,3,65148,2663852.0061443932,286595.668202765,286595.668202765,26.504552844377432,1516860.0,1516860.0
baseline,baseline.com.ak.uobtimetable,com.ak.uobtimetable,4,64572,2550749.7488372093,2093446.4992248062,2093446.4992248062,24.224806201550386,2377241.1830985914,2377241.1830985914
baseline,baseline.com.ak.uobtimetable,com.ak.uobtimetable,5,64756,2576933.591331269,1146855.8931888544,1146855.8931888544,24.04953560371517,1711013.6420323325,1711013.6420323325
baseline,baseline.com.ak.uobtimetable,com.ak.uobtimetable,6,64771,2602558.2256568777,850507.5517774343,850507.5517774343,24.944212857344205,1769383.8778135048,1769383.8778135048
baseline,baseline.com.ak.uobtimetable,com.ak.uobtimetable,7,64763,2327257.335394127,800472.0432766615,800472.0432766615,24.45595054095827,1061281.5819672132,1061281.5819672132
baseline,baseline.com.ak.uobtimetable,com.ak.uobtimetable,8,65082,2356485.7415384618,517206.3676923077,517206.3676923077,24.826153846153847,693163.1731958763,693163.1731958763
baseline,baseline.com.ak.uobtimetable,com.ak.uobtimetable,9,64662,2368007.4489164087,1983272.2817337462,1983272.2817337462,23.402476780185758,2625397.323770492,2625397.323770492
baseline,baseline.com.ak.uobtimetable,com.ak.uobtimetable,10,66691,2604923.4954954954,1370710.4504504504,1370710.4504504504,28.049560822083343,1668908.8848263253,1668908.8848263253
baseline,baseline.com.newsblur,com.newsblur,1,109888,2607459.47080292,1234706.621350365,1234706.621350365,23.197992700729927,1490350.7235682819,1490350.7235682819
baseline,baseline.com.newsblur,com.newsblur,2,109086,2576991.4306703396,10447.497704315887,10447.497704315887,19.834710743801654,455093.0,455093.0
baseline,baseline.com.newsblur,com.newsblur,3,110183,2530217.5127272727,739450.8390909091,739450.8390909091,23.71181818181818,873679.8313641245,873679.8313641245
baseline,baseline.com.newsblur,com.newsblur,4,109781,2558795.686131387,400566.87591240875,400566.87591240875,22.472627737226276,440784.4337349398,440784.4337349398
baseline,baseline.com.newsblur,com.newsblur,5,109596,2443038.614259598,1031617.4552102376,556376.9926873858,22.1582614493548,1031617.4552102376,556376.9926873858
baseline,baseline.com.newsblur,com.newsblur,6,110291,2355747.302452316,1068815.327883742,1068815.327883742,23.295435327969535,1850260.496855346,1850260.496855346
baseline,baseline.com.newsblur,com.newsblur,7,109983,2586871.4353369763,775351.4981785064,775351.4981785064,22.91985428051002,914431.7346938775,914431.7346938775
baseline,baseline.com.newsblur,com.newsblur,8,110051,2439088.9581056465,895541.9535519126,895541.9535519126,23.28870673952641,1425079.8043478262,1425079.8043478262
baseline,baseline.com.newsblur,com.newsblur,9,109569,2489055.835466179,660400.521403935,660400.521403935,20.13081575086311,1384057.7977316186,1384057.7977316186
baseline,baseline.com.newsblur,com.newsblur,10,110892,2382683.86630533,942708.7841011743,805534.0614272809,24.26287262872629,942708.7841011743,805534.0614272809
baseline,baseline.appteam.nith.hillffair,appteam.nith.hillffair,1,155276,2350335.7161290324,1016249.6383329865,1016249.6383329865,17.548733818938604,1166805.1403082437,1166805.1403082437
baseline,baseline.appteam.nith.hillffair,appteam.nith.hillffair,2,154905,2497962.9184993533,188760.33376455368,188760.33376455368,17.710219922380336,347408.9,347408.9
baseline,baseline.appteam.nith.hillffair,appteam.nith.hillffair,3,154883,2455318.6959896507,1369125.4721862872,507893.3441138422,17.47313184799399,2283352.7292340887,847036.7961165048
baseline,baseline.appteam.nith.hillffair,appteam.nith.hillffair,4,155917,2625840.5784061695,672170.1426735219,672170.1426735219,18.209638781134146,1310647.5463659149,1310647.5463659149
baseline,baseline.appteam.nith.hillffair,appteam.nith.hillffair,5,155409,2369338.088974855,314395.8136686009,314395.8136686009,17.783365570599614,611062.5401002506,611062.5401002506
baseline,baseline.appteam.nith.hillffair,appteam.nith.hillffair,6,155475,2503125.4407216497,645251.1404639175,645251.1404639175,17.9645618556701,1272464.7649301144,1272464.7649301144
baseline,baseline.appteam.nith.hillffair,appteam.nith.hillffair,7,155914,2462805.3727506427,629305.1568123393,629305.1568123393,18.255297926262713,804600.5127362367,804600.5127362367
baseline,baseline.appteam.nith.hillffair,appteam.nith.hillffair,8,155680,2514414.7232947233,1058983.1917631917,1058983.1917631917,17.762388008527005,1767626.0794844253,1767626.0794844253
baseline,baseline.appteam.nith.hillffair,appteam.nith.hillffair,9,151483,2611672.306878307,718776.2579365079,61513.09457671957,15.778947432882617,718776.2579365079,61513.09457671957
baseline,baseline.appteam.nith.hillffair,appteam.nith.hillffair,10,155667,2382836.6332046334,779181.4034749034,775186.4034749034,17.828185328185327,779181.4034749034,775186.4034749034
nappagreedy,nappagreedy.de.danoeh.antennapod.debug,de.danoeh.antennapod.debug,1,147117,2585491.250681199,440618.3658038147,440618.3658038147,21.88964577656676,694021.2027896995,694021.2027896995
nappagreedy,nappagreedy.de.danoeh.antennapod.debug,de.danoeh.antennapod.debug,2,145638,2547316.9518569466,1301689.8053645117,1301689.8053645117,20.711829436038514,1745993.5212177122,1745993.5212177122
nappagreedy,nappagreedy.de.danoeh.antennapod.debug,de.danoeh.antennapod.debug,3,146296,2546452.671232877,847237.0164383561,847237.0164383561,21.27620660536686,1149596.6951672863,1149596.6951672863
nappagreedy,nappagreedy.de.danoeh.antennapod.debug,de.danoeh.antennapod.debug,4,147062,2416398.1989100818,834972.8113079019,360255.6886920981,21.934604904632153,1338144.1997816593,577353.0032751092
nappagreedy,nappagreedy.de.danoeh.antennapod.debug,de.danoeh.antennapod.debug,5,145965,2479096.5934065934,983782.1559065934,979117.1559065934,20.77815934065934,983782.1559065934,979117.1559065934
nappagreedy,nappagreedy.de.danoeh.antennapod.debug,de.danoeh.antennapod.debug,6,147579,2476980.483367278,1034368.3333333334,1031112.9769178547,22.24727235521118,1480684.6987366376,1476024.6987366376
nappagreedy,nappagreedy.de.danoeh.antennapod.debug,de.danoeh.antennapod.debug,7,152992,2515919.347740668,447398.24819908314,447398.24819908314,26.796187721643467,941015.3236914601,941015.3236914601
nappagreedy,nappagreedy.de.danoeh.antennapod.debug,de.danoeh.antennapod.debug,8,153725,2488809.40547588,436012.84028683184,436012.84028683184,27.349629603817174,1370581.3463114754,1370581.3463114754
nappagreedy,nappagreedy.de.danoeh.antennapod.debug,de.danoeh.antennapod.debug,9,152805,2555014.7147540986,409885.7921311475,409885.7921311475,27.08725869389949,1528302.7701711492,1528302.7701711492
nappagreedy,nappagreedy.de.danoeh.antennapod.debug,de.danoeh.antennapod.debug,10,152184,2580436.974325214,687618.0487162607,687618.0487162607,25.928842517490757,955619.2278133577,955619.2278133577
baseline,baseline.de.danoeh.antennapod.debug,de.danoeh.antennapod.debug,1,147460,2521069.9320652173,986200.4198369565,986200.4198369565,22.37660422081758,1168830.1272141708,1168830.1272141708
baseline,baseline.de.danoeh.antennapod.debug,de.danoeh.antennapod.debug,2,147529,2433183.231500339,1436662.914460285,1436662.914460285,22.972136151565472,2116204.473,2116204.473
baseline,baseline.de.danoeh.antennapod.debug,de.danoeh.antennapod.debug,3,147069,2589851.961852861,1476208.1021798365,653142.658719346,21.705040871934607,2384019.2453245325,1054800.2453245325
baseline,baseline.de.danoeh.antennapod.debug,de.danoeh.antennapod.debug,4,147367,2598451.072739633,272780.5269980558,272780.5269980558,22.061862678450034,479402.813875914,479402.813875914
baseline,baseline.de.danoeh.antennapod.debug,de.danoeh.antennapod.debug,5,146336,2457974.6091718003,1017175.1505817933,1017175.1505817933,21.334921511664678,1973562.941567065,1973562.941567065
baseline,baseline.de.danoeh.antennapod.debug,de.danoeh.antennapod.debug,6,147940,2520913.6303317538,158235.08666215301,158235.08666215301,22.693079028516237,479903.94866529776,479903.94866529776
baseline,baseline.de.danoeh.antennapod.debug,de.danoeh.antennapod.debug,7,152184,2568816.589861751,522800.78933508886,522800.78933508886,25.972979520759864,634292.6509584665,634292.6509584665
baseline,baseline.de.danoeh.antennapod.debug,de.danoeh.antennapod.debug,8,153200,2553261.815565729,701603.035971223,42.115107913669064,27.13734466971877,1195932.0423634336,71.78818283166109
baseline,baseline.de.danoeh.antennapod.debug,de.danoeh.antennapod.debug,9,152487,2565157.957950066,283787.82325886993,283787.82325886993,26.12483574244415,1720817.0,1720817.0
baseline,baseline.de.danoeh.antennapod.debug,de.danoeh.antennapod.debug,10,151986,2511856.0975609757,1001424.7020435069,1001424.7020435069,26.273075654557076,1558114.126153846,1558114.126153846
nappagreedy,nappagreedy.io.github.project_travel_mate,io.github.project_travel_mate,1,141253,2544098.8425531914,1245934.4638297872,1245934.4638297872,26.8,1266595.2372025955,1266595.2372025955
nappagreedy,nappagreedy.io.github.project_travel_mate,io.github.project_travel_mate,2,142540,2636416.747716093,956597.1876317639,956597.1876317639,27.513703443429375,982134.0533910533,982134.0533910533
nappagreedy,nappagreedy.io.github.project_travel_mate,io.github.project_travel_mate,3,141209,2667161.7998580555,308450.4556422995,308450.4556422995,26.217175301632363,699849.7455716586,699849.7455716586
nappagreedy,nappagreedy.io.github.project_travel_mate,io.github.project_travel_mate,4,143075,2616909.529411765,1726364.387254902,1726364.387254902,28.511204481792717,1984902.0491143318,1984902.0491143318
nappagreedy,nappagreedy.io.github.project_travel_mate,io.github.project_travel_mate,5,141937,2665317.9280169373,891538.2956951306,891538.2956951306,27.680777174435438,2034315.2415458937,2034315.2415458937
nappagreedy,nappagreedy.io.github.project_travel_mate,io.github.project_travel_mate,6,139118,2627272.4434845215,1484190.6645068394,1484190.6645068394,25.333333333333332,2318943.5691788527,2318943.5691788527
nappagreedy,nappagreedy.io.github.project_travel_mate,io.github.project_travel_mate,7,141723,2662907.4657243816,1022554.7978798586,1022554.7978798586,28.162645057373673,1283864.2759538598,1283864.2759538598
nappagreedy,nappagreedy.io.github.project_travel_mate,io.github.project_travel_mate,8,141315,2641221.9305457124,734128.8164422396,554212.8653437279,27.666652770250554,940831.7529518619,710258.267938238
nappagreedy,nappagreedy.io.github.project_travel_mate,io.github.project_travel_mate,9,147194,2668092.8168822327,232780.82368958477,232780.82368958477,35.02382573179033,502875.04411764705,502875.04411764705
nappagreedy,nappagreedy.io.github.project_travel_mate,io.github.project_travel_mate,10,145775,2595267.972508591,906345.8934707904,906345.8934707904,31.73794924481289,1602349.0583232078,1602349.0583232078
nappatfpr,nappatfpr.com.ak.uobtimetable,com.ak.uobtimetable,1,66385,2505127.9939668174,681567.5233785822,681567.5233785822,27.212929028207174,1452988.0,1452988.0
nappatfpr,nappatfpr.com.ak.uobtimetable,com.ak.uobtimetable,2,65383,2379085.041347626,107459.78713629402,107459.78713629402,26.199081163859113,225631.0,225631.0
nappatfpr,nappatfpr.com.ak.uobtimetable,com.ak.uobtimetable,3,62161,2648867.7487922707,1379678.9710144927,1373685.9710144927,20.537842190016104,1379678.9710144927,1373685.9710144927
nappatfpr,nappatfpr.com.ak.uobtimetable,com.ak.uobtimetable,4,64164,2372228.2620904837,513215.7394695788,513215.7394695788,23.634945397815912,1082142.3980263157,1082142.3980263157
nappatfpr,nappatfpr.com.ak.uobtimetable,com.ak.uobtimetable,5,64467,2463647.037267081,716363.4068322981,414817.0698757764,23.765105995139077,902814.156555773,522783.156555773
nappatfpr,nappatfpr.com.ak.uobtimetable,com.ak.uobtimetable,6,64474,2548397.6770186336,901946.1599378882,901946.1599378882,24.656239149724165,2604723.4394618836,2604723.4394618836
nappatfpr,nappatfpr.com.ak.uobtimetable,com.ak.uobtimetable,7,64073,2675200.025,129355.61875,124691.61875,23.542978515625002,129355.61875,124691.61875
nappatfpr,nappatfpr.com.ak.uobtimetable,com.ak.uobtimetable,8,67283,2536716.9166666665,830615.03125,830615.03125,29.30952380952381,1073410.1942307693,1073410.1942307693
nappatfpr,nappatfpr.com.ak.uobtimetable,com.ak.uobtimetable,9,67493,2535074.646884273,948687.7492581602,948687.7492581602,28.816023738872403,1072844.8708053692,1072844.8708053692
nappatfpr,nappatfpr.com.ak.uobtimetable,com.ak.uobtimetable,10,66981,2538533.0598802394,1089685.8053892215,36656.591317365266,28.369760479041915,1089685.8053892215,36656.591317365266
nappatfpr,nappatfpr.com.newsblur,com.newsblur,1,110786,2524185.439421338,1101975.6537070523,651769.6537070525,24.482820976491862,1101975.6537070523,651769.6537070525
nappatfpr,nappatfpr.com.newsblur,com.newsblur,2,109602,2543614.569075938,1860092.5645013724,1860092.5645013724,23.707227813357733,2181417.5675965664,2181417.5675965664
nappatfpr,nappatfpr.com.newsblur,com.newsblur,3,109907,2382687.9598906105,1911378.10118505,382753.11485870555,23.905195989061074,2279110.627173913,456391.4858695652
nappatfpr,nappatfpr.com.newsblur,com.newsblur,4,109792,2580889.229927007,656999.1879562044,656999.1879562044,23.35705818104321,879207.7045177046,879207.7045177046
nappatfpr,nappatfpr.com.newsblur,com.newsblur,5,110193,2359649.2545454544,585893.8,585893.8,24.65330082644628,1039489.0,1039489.0
nappatfpr,nappatfpr.com.newsblur,com.newsblur,6,108809,2513044.1252302025,573989.4134438306,573989.4134438306,20.106895393913494,1003788.2495974235,1003788.2495974235
nappatfpr,nappatfpr.com.newsblur,com.newsblur,7,110195,2536981.429090909,821294.0618181818,817299.0618181818,23.57959834710744,821294.0618181818,817299.0618181818
nappatfpr,nappatfpr.com.newsblur,com.newsblur,8,111944,2425460.2578334827,602033.8209489705,602033.8209489705,26.826320501342884,971780.0260115607,971780.0260115607
nappatfpr,nappatfpr.com.newsblur,com.newsblur,9,112104,2609204.2430741736,446390.2749885997,446390.2749885997,27.74326943579939,599652.7223436291,599652.7223436291
nappatfpr,nappatfpr.com.newsblur,com.newsblur,10,110791,2425855.439421338,507047.869801085,502386.869801085,25.654277670048952,507047.869801085,502386.869801085
nappatfpr,nappatfpr.io.github.hidroh.materialistic,io.github.hidroh.materialistic,1,174179,2523721.515256189,803821.180771445,803821.180771445,42.21761658031088,1142583.7896890345,1142583.7896890345
nappatfpr,nappatfpr.io.github.hidroh.materialistic,io.github.hidroh.materialistic,2,175388,2476795.302857143,1787006.7845714286,1787006.7845714286,44.16293583673469,3102442.334325397,3102442.334325397
nappatfpr,nappatfpr.io.github.hidroh.materialistic,io.github.hidroh.materialistic,3,174511,2482878.3434807584,507861.45663411834,507861.45663411834,43.558031606545654,711905.6328502415,711905.6328502415
nappatfpr,nappatfpr.io.github.hidroh.materialistic,io.github.hidroh.materialistic,4,175558,2573518.7671232875,571260.953196347,571260.953196347,46.0376777485874,1359849.4429347827,1359849.4429347827
nappatfpr,nappatfpr.io.github.hidroh.materialistic,io.github.hidroh.materialistic,5,173407,2620161.4404624277,998188.9184971098,998188.9184971098,40.40773664338935,1135349.657462196,1135349.657462196
nappatfpr,nappatfpr.io.github.hidroh.materialistic,io.github.hidroh.materialistic,6,176768,2606602.402722632,940184.3165059558,940184.3165059558,46.94781622234827,1560776.7890772128,1560776.7890772128
nappatfpr,nappatfpr.io.github.hidroh.materialistic,io.github.hidroh.materialistic,7,175677,2600567.8927552765,1089951.513976041,1089951.513976041,46.24427718890508,1351262.379066478,1351262.379066478
nappatfpr,nappatfpr.io.github.hidroh.materialistic,io.github.hidroh.materialistic,8,178830,2573629.932735426,1055118.0162556053,1055118.0162556053,51.962406556033706,2198984.2768691587,2198984.2768691587
nappatfpr,nappatfpr.io.github.hidroh.materialistic,io.github.hidroh.materialistic,9,177427,2620875.4214689266,1383155.0689265537,1383155.0689265537,49.06160107248875,1783091.3852876911,1783091.3852876911
nappatfpr,nappatfpr.io.github.hidroh.materialistic,io.github.hidroh.materialistic,10,177916,2532352.9014084507,1014554.1915492958,574934.8343661972,48.42952239634993,1961692.4727668846,1111665.9379084967
nappatfpr,nappatfpr.io.github.project_travel_mate,io.github.project_travel_mate,1,142755,2545842.798596491,919767.4119298245,116564.97403508773,28.51824438288704,1628159.704347826,206341.72422360248
nappatfpr,nappatfpr.io.github.project_travel_mate,io.github.project_travel_mate,2,141343,2558828.147413182,902450.6201275691,902450.6201275691,27.01417434443657,1788423.9115168538,1788423.9115168538
nappatfpr,nappatfpr.io.github.project_travel_mate,io.github.project_travel_mate,3,141940,2626759.822159492,514438.74735356384,514438.74735356384,27.597035991531403,782145.606223176,782145.606223176
nappatfpr,nappatfpr.io.github.project_travel_mate,io.github.project_travel_mate,4,141156,2661466.6941092974,614844.6941092974,614844.6941092974,26.80680467903536,878616.8093306288,878616.8093306288
nappatfpr,nappatfpr.io.github.project_travel_mate,io.github.project_travel_mate,5,143030,2666386.7282913164,1273944.9390756302,1273944.9390756302,28.43767507002801,1565570.8889845095,1565570.8889845095
nappatfpr,nappatfpr.io.github.project_travel_mate,io.github.project_travel_mate,6,143054,2550293.5854341737,632825.9152661065,632825.9152661065,29.242452373106108,1082245.9964071857,1082245.9964071857
nappatfpr,nappatfpr.io.github.project_travel_mate,io.github.project_travel_mate,7,143138,2513445.5031490554,481560.36599020293,481560.36599020293,29.153953813855843,1034811.6736842105,1034811.6736842105
nappatfpr,nappatfpr.io.github.project_travel_mate,io.github.project_travel_mate,8,132685,2665714.683773585,1125393.275471698,1118710.275471698,21.062641509433963,1125393.275471698,1118710.275471698
nappatfpr,nappatfpr.io.github.project_travel_mate,io.github.project_travel_mate,9,145762,2660672.819243986,607566.0219931272,607566.0219931272,33.09558271631181,1103631.163545568,1103631.163545568
nappatfpr,nappatfpr.io.github.project_travel_mate,io.github.project_travel_mate,10,147052,2668075.2397820163,409933.0204359673,409933.0204359673,34.02316076294278,686965.3812785388,686965.3812785388
baseline,baseline.io.github.project_travel_mate,io.github.project_travel_mate,1,140639,2663833.418803419,1333050.678062678,1333050.678062678,26.467236467236468,1455367.9253499222,1455367.9253499222
baseline,baseline.io.github.project_travel_mate,io.github.project_travel_mate,2,143853,2594269.097493036,955085.9331476323,955085.9331476323,29.582564051334177,1979081.3852813854,1979081.3852813854
baseline,baseline.io.github.project_travel_mate,io.github.project_travel_mate,3,143858,2671924.275766017,827668.6441504179,827668.6441504179,28.716362380800895,1275249.1126609442,1275249.1126609442
baseline,baseline.io.github.project_travel_mate,io.github.project_travel_mate,4,142242,2593856.9971830985,1079434.5683098591,1079434.5683098591,27.921057329894865,1101147.3326149425,1101147.3326149425
baseline,baseline.io.github.project_travel_mate,io.github.project_travel_mate,5,142049,2663430.2849083217,1808652.2200282088,1808652.2200282088,27.82143993904683,2063289.4995977473,2063289.4995977473
baseline,baseline.io.github.project_travel_mate,io.github.project_travel_mate,6,134590,2672077.151785714,1764661.0558035714,1764007.439732143,22.36931002869898,1781896.6634109693,1781236.6634109693
baseline,baseline.io.github.project_travel_mate,io.github.project_travel_mate,7,142123,2659758.412966878,1005353.0338266385,1005353.0338266385,28.32791258869237,1251399.9605263157,1251399.9605263157
baseline,baseline.io.github.project_travel_mate,io.github.project_travel_mate,8,143886,2668538.7846689895,988689.2452961672,988689.2452961672,30.370034843205573,2032620.4398280801,2032620.4398280801
baseline,baseline.io.github.project_travel_mate,io.github.project_travel_mate,9,143927,2646122.988857939,621329.311281337,621329.311281337,29.564763231197773,1142418.5544174137,1142418.5544174137
baseline,baseline.io.github.project_travel_mate,io.github.project_travel_mate,10,145668,2670851.3860977287,897843.3454920853,897843.3454920853,33.24913971094288,1401252.8259935554,1401252.8259935554
nappagreedy,nappagreedy.org.quantumbadger.redreader,org.quantumbadger.redreader,1,156887,2566551.103448276,958630.6398467433,958630.6398467433,27.51244884511058,1090207.394335512,1090207.394335512
nappagreedy,nappagreedy.org.quantumbadger.redreader,org.quantumbadger.redreader,2,156193,2400755.0404105196,752153.2584990378,752153.2584990378,26.255444909875862,1891301.5,1891301.5
nappagreedy,nappagreedy.org.quantumbadger.redreader,org.quantumbadger.redreader,3,156625,2469644.3608445297,462807.7760716571,462807.7760716571,26.907869481765836,741156.3053278689,741156.3053278689
nappagreedy,nappagreedy.org.quantumbadger.redreader,org.quantumbadger.redreader,4,158224,2511988.7093096897,875034.7574414186,22998.505383153893,27.676377454084864,1216267.5017605633,31967.11267605634
nappagreedy,nappagreedy.org.quantumbadger.redreader,org.quantumbadger.redreader,5,161953,2579932.4851485146,339575.3285891089,148277.864480198,31.01546799946084,722044.3828947368,315285.56447368424
nappagreedy,nappagreedy.org.quantumbadger.redreader,org.quantumbadger.redreader,6,160897,2582080.428393524,699884.9645080946,699884.9645080946,30.991265242885877,935120.8427620633,935120.8427620633
nappagreedy,nappagreedy.org.quantumbadger.redreader,org.quantumbadger.redreader,7,161017,2594580.2165525826,1798960.2831362789,1699701.2433105165,31.899813316739266,2020216.0552061496,1908749.0552061496
nappagreedy,nappagreedy.org.quantumbadger.redreader,org.quantumbadger.redreader,8,161098,2567740.355721393,1251332.3407960199,1251332.3407960199,30.63495024875622,2954687.817914831,2954687.817914831
nappagreedy,nappagreedy.org.quantumbadger.redreader,org.quantumbadger.redreader,9,160401,2365485.878825734,586058.4241099313,586058.4241099313,30.374988149583274,1334679.2844950214,1334679.2844950214
nappagreedy,nappagreedy.org.quantumbadger.redreader,org.quantumbadger.redreader,10,159195,2408825.4751415984,607353.3278791693,607353.3278791693,29.69457262227214,2880849.0686567165,2880849.0686567165
nappagreedy,nappagreedy.com.ak.uobtimetable,com.ak.uobtimetable,1,64878,2618990.975308642,1147208.8549382717,1090169.8549382717,25.13904368617589,1147208.8549382717,1090169.8549382717
nappagreedy,nappagreedy.com.ak.uobtimetable,com.ak.uobtimetable,2,64394,2613718.4074650076,1717537.4758942458,1717537.4758942458,23.9751166407465,2574304.4219114217,2574304.4219114217
nappagreedy,nappagreedy.com.ak.uobtimetable,com.ak.uobtimetable,3,64679,2373436.8297213623,1330285.6625386998,1330285.6625386998,25.33947416346366,1820687.5805084745,1820687.5805084745
nappagreedy,nappagreedy.com.ak.uobtimetable,com.ak.uobtimetable,4,64992,2631662.224961479,949543.2265023113,949543.2265023113,25.00462249614792,1410191.1990846682,1410191.1990846682
nappagreedy,nappagreedy.com.ak.uobtimetable,com.ak.uobtimetable,5,64678,2418130.9783281735,797388.560371517,0.0,24.07281053206683,1770147.8006872851,0.0
nappagreedy,nappagreedy.com.ak.uobtimetable,com.ak.uobtimetable,6,65783,2516978.9573170734,585279.0137195121,585279.0137195121,27.071646341463413,619262.9564516129,619262.9564516129
nappagreedy,nappagreedy.com.ak.uobtimetable,com.ak.uobtimetable,7,63796,2657822.047095761,2060784.1726844583,2056118.1726844583,23.463108320251177,2060784.1726844583,2056118.1726844583
nappagreedy,nappagreedy.com.ak.uobtimetable,com.ak.uobtimetable,8,67393,2396042.9717682023,856552.0609212482,856552.0609212482,30.116004936756088,1350022.3348946136,1350022.3348946136
nappagreedy,nappagreedy.com.ak.uobtimetable,com.ak.uobtimetable,9,67600,2414030.5303703705,1071477.4,1071477.4,31.356014266117967,1954722.2837837837,1954722.2837837837
nappagreedy,nappagreedy.com.ak.uobtimetable,com.ak.uobtimetable,10,67452,2599290.6350148367,986751.7537091988,986751.7537091988,28.83946103250007,1379814.692946058,1379814.692946058
nappatfpr,nappatfpr.de.danoeh.antennapod.debug,de.danoeh.antennapod.debug,1,146953,2570336.2890252215,397826.4860259032,290983.8534423995,21.828220858895705,786538.3490566037,575300.9609164421
nappatfpr,nappatfpr.de.danoeh.antennapod.debug,de.danoeh.antennapod.debug,2,147386,2674471.5377294356,270008.77226376615,134154.11012916383,22.723118750407263,730115.6323529412,362758.6323529412
nappatfpr,nappatfpr.de.danoeh.antennapod.debug,de.danoeh.antennapod.debug,3,148176,2466849.9716024343,519293.5605138607,519293.5605138607,23.079107505070994,815323.966029724,815323.966029724
nappatfpr,nappatfpr.de.danoeh.antennapod.debug,de.danoeh.antennapod.debug,4,147475,2406706.3070652173,1461234.4483695652,1461234.4483695652,22.080207348771268,1638185.1546077684,1638185.1546077684
nappatfpr,nappatfpr.de.danoeh.antennapod.debug,de.danoeh.antennapod.debug,5,146560,2578261.1600547195,289295.1080711354,289295.1080711354,21.990424076607386,547861.9792746115,547861.9792746115
nappatfpr,nappatfpr.de.danoeh.antennapod.debug,de.danoeh.antennapod.debug,6,146755,2547804.862798635,791613.9153583618,791613.9153583618,21.392749595219513,1538082.7400530505,1538082.7400530505
nappatfpr,nappatfpr.de.danoeh.antennapod.debug,de.danoeh.antennapod.debug,7,148978,2480290.2837928715,467751.64895763283,0.0,23.89778076664425,1269245.806569343,0.0
nappatfpr,nappatfpr.de.danoeh.antennapod.debug,de.danoeh.antennapod.debug,8,148075,2618137.301759134,431394.51082543976,431394.51082543976,22.80567676394059,1426400.6420581655,1426400.6420581655
nappatfpr,nappatfpr.de.danoeh.antennapod.debug,de.danoeh.antennapod.debug,9,142136,2576676.763918252,1848396.6046511629,1475065.9393939395,18.028188865398167,1848396.6046511629,1475065.9393939395
nappatfpr,nappatfpr.de.danoeh.antennapod.debug,de.danoeh.antennapod.debug,10,150957,2462205.2478339304,869338.1324806289,869338.1324806289,25.34704711347047,1285664.9319414208,1285664.9319414208
baseline,baseline.org.quantumbadger.redreader,org.quantumbadger.redreader,1,156083,2626512.8709055874,138407.63583815028,138407.63583815028,26.519588953114965,347022.04347826086,347022.04347826086
baseline,baseline.org.quantumbadger.redreader,org.quantumbadger.redreader,2,156387,2600011.341025641,1198268.8262820514,1183675.8262820514,26.824358974358976,1198268.8262820514,1183675.8262820514
baseline,baseline.org.quantumbadger.redreader,org.quantumbadger.redreader,3,156464,2383596.80921895,650540.1600512164,650540.1600512164,26.46798975672215,1638941.5,1638941.5
baseline,baseline.org.quantumbadger.redreader,org.quantumbadger.redreader,4,153502,2437685.054830287,1255638.7552219322,1255638.7552219322,23.883812010443865,1648362.1019708654,1648362.1019708654
baseline,baseline.org.quantumbadger.redreader,org.quantumbadger.redreader,5,156458,2637115.1236386932,1217220.2120435617,974959.9128763613,26.185137732222934,1795917.534026465,1438480.551984877
baseline,baseline.org.quantumbadger.redreader,org.quantumbadger.redreader,6,156309,2590410.6974358973,1024433.2807692308,1024433.2807692308,26.41025641025641,1801709.0394588502,1801709.0394588502
baseline,baseline.org.quantumbadger.redreader,org.quantumbadger.redreader,7,157620,2553602.820089002,384235.2981563891,384235.2981563891,27.188175460902734,974842.135483871,974842.135483871
baseline,baseline.org.quantumbadger.redreader,org.quantumbadger.redreader,8,162707,2403755.5566502465,624239.2918719212,338669.210591133,31.982735870804923,827562.9469387755,448978.61061224487
baseline,baseline.org.quantumbadger.redreader,org.quantumbadger.redreader,9,159442,2634408.7844123193,416055.2445003143,416055.2445003143,29.100617434413643,771496.37995338,771496.37995338
baseline,baseline.org.quantumbadger.redreader,org.quantumbadger.redreader,10,158583,2511456.1591914087,766507.5047378396,97446.08464939987,28.656348704990524,1337796.4498346196,170074.0374862183
nappatfpr,nappatfpr.org.quantumbadger.redreader,org.quantumbadger.redreader,1,157892,2459932.5126903555,854928.8439086295,854928.8439086295,27.93718274111675,1938658.7884892086,1938658.7884892086
nappatfpr,nappatfpr.org.quantumbadger.redreader,org.quantumbadger.redreader,2,156706,2639366.3222506396,1749581.5664961636,690209.418797954,30.6045940142987,2182093.7559808614,860835.3516746411
nappatfpr,nappatfpr.org.quantumbadger.redreader,org.quantumbadger.redreader,3,148339,2653598.4243243244,758675.9979729729,755379.6195945946,20.293243243243243,758675.9979729729,755379.6195945946
nappatfpr,nappatfpr.org.quantumbadger.redreader,org.quantumbadger.redreader,4,156117,2595608.59563543,793178.241335045,793178.241335045,27.00448470027569,1989970.5314009662,1989970.5314009662
nappatfpr,nappatfpr.org.quantumbadger.redreader,org.quantumbadger.redreader,5,162709,2581215.8103448274,430109.5671182266,430109.5671182266,33.34256283518164,945193.4194857916,945193.4194857916
nappatfpr,nappatfpr.org.quantumbadger.redreader,org.quantumbadger.redreader,6,162205,2468304.7985166875,238751.46971646234,238751.46971646234,31.652430704634664,377614.73900414084,377614.73900414084
nappatfpr,nappatfpr.org.quantumbadger.redreader,org.quantumbadger.redreader,7,161227,2554873.904288378,381798.3325046613,381798.3325046613,31.172251640766802,659134.6748927039,659134.6748927039
nappatfpr,nappatfpr.org.quantumbadger.redreader,org.quantumbadger.redreader,8,159612,2440351.4802259887,949575.5455116133,949575.5455116133,29.78327972071788,1337465.8213969937,1337465.8213969937
nappatfpr,nappatfpr.org.quantumbadger.redreader,org.quantumbadger.redreader,9,159698,2471704.4190715184,219811.51944792975,219811.51944792975,30.32578844128468,641720.8095238095,641720.8095238095
nappatfpr,nappatfpr.org.quantumbadger.redreader,org.quantumbadger.redreader,10,159208,2482656.062932662,222549.27123977343,222549.27123977343,29.715983193137525,1140744.4903225806,1140744.4903225806
nappagreedy,nappagreedy.com.newsblur,com.newsblur,1,110700,2515189.2561085974,522776.92760180996,522776.92760180996,24.403059724411865,928727.5,928727.5
nappagreedy,nappagreedy.com.newsblur,com.newsblur,2,110284,2364989.6058128974,100652.45231607629,100652.45231607629,24.03452562735058,1245150.0,1245150.0
nappagreedy,nappagreedy.com.newsblur,com.newsblur,3,109675,2622335.784277879,2418732.7879341864,2418732.7879341864,23.751371115173676,2842205.875402793,2842205.875402793
nappagreedy,nappagreedy.com.newsblur,com.newsblur,4,108873,2526407.3265869366,1199457.414903404,1199457.414903404,22.211591536338545,1384087.271762208,1384087.271762208
nappagreedy,nappagreedy.com.newsblur,com.newsblur,5,109504,2618396.450137237,951015.1582799634,72603.95699908509,23.340639802988157,1329232.1841432224,101478.42071611254
nappagreedy,nappagreedy.com.newsblur,com.newsblur,6,110513,2617613.624660018,456281.06436990027,456281.06436990027,24.127929351171986,517243.5909558068,517243.5909558068
nappagreedy,nappagreedy.com.newsblur,com.newsblur,7,111390,2561600.6043165466,896184.3893884892,896184.3893884892,25.78935808187982,1429780.5466284074,1429780.5466284074
nappagreedy,nappagreedy.com.newsblur,com.newsblur,8,111893,2400766.614145031,1475894.1593554162,1324994.1593554162,27.689346463742165,1475894.1593554162,1324994.1593554162
nappagreedy,nappagreedy.com.newsblur,com.newsblur,9,353838,2442562.6303236797,228739.97132311188,228739.97132311188,9.380749574105621,1301489.788368336,1301489.788368336
nappagreedy,nappagreedy.com.newsblur,com.newsblur,10,110566,2401419.3442028984,574900.419384058,570235.419384058,24.931159420289855,574900.419384058,570235.419384058
